"county","sex","race","year","death","pop"
1,1,1,1,11,12006
1,1,1,2,7,12142
1,1,1,3,12,12085
1,1,1,4,7,11944
1,1,1,5,9,11875
1,1,1,6,15,11915
1,1,1,7,9,12074
1,1,1,8,12,12325
1,1,1,9,13,12443
1,1,2,1,0,51
1,1,2,2,0,52
1,1,2,3,0,70
1,1,2,4,0,84
1,1,2,5,0,89
1,1,2,6,0,100
1,1,2,7,0,104
1,1,2,8,0,111
1,1,2,9,0,120
1,2,1,1,3,12196
1,2,1,2,4,12409
1,2,1,3,3,12415
1,2,1,4,2,12271
1,2,1,5,3,12246
1,2,1,6,5,12309
1,2,1,7,3,12466
1,2,1,8,4,12680
1,2,1,9,2,12850
1,2,2,1,0,52
1,2,2,2,1,58
1,2,2,3,0,74
1,2,2,4,0,86
1,2,2,5,0,97
1,2,2,6,0,99
1,2,2,7,0,123
1,2,2,8,0,118
1,2,2,9,0,129
2,1,1,1,34,48568
2,1,1,2,37,48362
2,1,1,3,33,47348
2,1,1,4,34,46883
2,1,1,5,39,47323
2,1,1,6,37,47469
2,1,1,7,42,47627
2,1,1,8,42,47881
2,1,1,9,34,48001
2,1,2,1,2,5598
2,1,2,2,3,5752
2,1,2,3,4,5828
2,1,2,4,6,5878
2,1,2,5,8,5956
2,1,2,6,1,6008
2,1,2,7,5,6085
2,1,2,8,6,6209
2,1,2,9,5,6316
2,2,1,1,9,51784
2,2,1,2,12,51535
2,2,1,3,9,50436
2,2,1,4,20,49848
2,2,1,5,20,50056
2,2,1,6,15,50104
2,2,1,7,18,50253
2,2,1,8,21,50498
2,2,1,9,19,50547
2,2,2,1,1,5900
2,2,2,2,1,6114
2,2,2,3,1,6308
2,2,2,4,2,6387
2,2,2,5,2,6554
2,2,2,6,0,6670
2,2,2,7,0,6780
2,2,2,8,0,6870
2,2,2,9,0,7004
3,1,1,1,18,22114
3,1,1,2,15,22146
3,1,1,3,18,22040
3,1,1,4,20,21805
3,1,1,5,18,21859
3,1,1,6,26,21907
3,1,1,7,12,21706
3,1,1,8,20,21878
3,1,1,9,24,21909
3,1,2,1,0,298
3,1,2,2,0,332
3,1,2,3,0,353
3,1,2,4,0,365
3,1,2,5,0,390
3,1,2,6,0,425
3,1,2,7,0,429
3,1,2,8,0,449
3,1,2,9,0,470
3,2,1,1,4,23476
3,2,1,2,3,23711
3,2,1,3,2,23691
3,2,1,4,7,23532
3,2,1,5,7,23724
3,2,1,6,8,23787
3,2,1,7,7,23561
3,2,1,8,8,23702
3,2,1,9,6,23755
3,2,2,1,0,233
3,2,2,2,0,256
3,2,2,3,0,277
3,2,2,4,0,292
3,2,2,5,0,313
3,2,2,6,0,322
3,2,2,7,0,334
3,2,2,8,0,352
3,2,2,9,0,374
4,1,1,1,44,48604
4,1,1,2,43,48402
4,1,1,3,37,48032
4,1,1,4,32,47501
4,1,1,5,35,47339
4,1,1,6,37,47232
4,1,1,7,36,46545
4,1,1,8,31,46268
4,1,1,9,50,45804
4,1,2,1,0,1769
4,1,2,2,0,1820
4,1,2,3,2,1899
4,1,2,4,1,1949
4,1,2,5,2,2003
4,1,2,6,1,2083
4,1,2,7,2,2111
4,1,2,8,3,2154
4,1,2,9,0,2183
4,2,1,1,14,51484
4,2,1,2,13,51315
4,2,1,3,13,50865
4,2,1,4,26,50271
4,2,1,5,19,50006
4,2,1,6,18,49934
4,2,1,7,12,49158
4,2,1,8,17,48753
4,2,1,9,15,48258
4,2,2,1,0,1828
4,2,2,2,0,1920
4,2,2,3,1,1987
4,2,2,4,0,2029
4,2,2,5,0,2092
4,2,2,6,0,2153
4,2,2,7,0,2197
4,2,2,8,2,2247
4,2,2,9,0,2314
5,1,1,1,16,27031
5,1,1,2,21,27370
5,1,1,3,19,27397
5,1,1,4,17,27295
5,1,1,5,18,27376
5,1,1,6,14,27443
5,1,1,7,10,27506
5,1,1,8,24,27801
5,1,1,9,18,27941
5,1,2,1,0,1303
5,1,2,2,0,1408
5,1,2,3,0,1528
5,1,2,4,0,1585
5,1,2,5,1,1648
5,1,2,6,0,1704
5,1,2,7,0,1765
5,1,2,8,0,1820
5,1,2,9,0,1878
5,2,1,1,8,26976
5,2,1,2,12,27146
5,2,1,3,5,27038
5,2,1,4,4,26931
5,2,1,5,19,26991
5,2,1,6,7,26982
5,2,1,7,5,26966
5,2,1,8,3,27266
5,2,1,9,6,27388
5,2,2,1,1,1119
5,2,2,2,0,1184
5,2,2,3,0,1242
5,2,2,4,0,1264
5,2,2,5,0,1285
5,2,2,6,0,1306
5,2,2,7,0,1362
5,2,2,8,0,1405
5,2,2,9,0,1446
6,1,1,1,12,20767
6,1,1,2,15,20865
6,1,1,3,18,20912
6,1,1,4,14,20798
6,1,1,5,23,21081
6,1,1,6,19,21172
6,1,1,7,19,21245
6,1,1,8,13,21408
6,1,1,9,16,21529
6,1,2,1,0,50
6,1,2,2,0,52
6,1,2,3,0,56
6,1,2,4,0,55
6,1,2,5,0,60
6,1,2,6,0,64
6,1,2,7,0,60
6,1,2,8,0,69
6,1,2,9,0,67
6,2,1,1,5,21595
6,2,1,2,5,21763
6,2,1,3,5,21832
6,2,1,4,2,21750
6,2,1,5,12,22071
6,2,1,6,3,22211
6,2,1,7,4,22250
6,2,1,8,6,22363
6,2,1,9,6,22496
6,2,2,1,0,79
6,2,2,2,0,80
6,2,2,3,0,81
6,2,2,4,0,86
6,2,2,5,0,88
6,2,2,6,0,92
6,2,2,7,0,98
6,2,2,8,0,101
6,2,2,9,0,102
7,1,1,1,41,38641
7,1,1,2,43,38526
7,1,1,3,37,38209
7,1,1,4,31,38174
7,1,1,5,42,37671
7,1,1,6,31,36893
7,1,1,7,35,35625
7,1,1,8,48,35397
7,1,1,9,42,34808
7,1,2,1,2,837
7,1,2,2,1,876
7,1,2,3,1,919
7,1,2,4,0,946
7,1,2,5,1,951
7,1,2,6,0,945
7,1,2,7,2,915
7,1,2,8,0,936
7,1,2,9,0,930
7,2,1,1,11,41794
7,2,1,2,19,41814
7,2,1,3,8,41677
7,2,1,4,14,41756
7,2,1,5,11,41285
7,2,1,6,13,40561
7,2,1,7,13,39125
7,2,1,8,13,38876
7,2,1,9,28,38165
7,2,2,1,0,974
7,2,2,2,1,1026
7,2,2,3,1,1080
7,2,2,4,0,1108
7,2,2,5,1,1110
7,2,2,6,0,1108
7,2,2,7,0,1087
7,2,2,8,1,1108
7,2,2,9,0,1100
8,1,1,1,14,15510
8,1,1,2,9,15950
8,1,1,3,15,16174
8,1,1,4,17,16261
8,1,1,5,16,16612
8,1,1,6,11,17050
8,1,1,7,17,17090
8,1,1,8,22,17429
8,1,1,9,16,17716
8,1,2,1,0,238
8,1,2,2,0,227
8,1,2,3,0,219
8,1,2,4,1,211
8,1,2,5,1,199
8,1,2,6,0,192
8,1,2,7,0,185
8,1,2,8,1,176
8,1,2,9,1,170
8,2,1,1,7,15985
8,2,1,2,3,16256
8,2,1,3,7,16372
8,2,1,4,9,16284
8,2,1,5,7,16490
8,2,1,6,8,16772
8,2,1,7,6,16774
8,2,1,8,7,17096
8,2,1,9,6,17352
8,2,2,1,0,244
8,2,2,2,0,233
8,2,2,3,0,229
8,2,2,4,0,223
8,2,2,5,0,219
8,2,2,6,0,204
8,2,2,7,0,194
8,2,2,8,0,193
8,2,2,9,0,188
9,1,1,1,93,119171
9,1,1,2,98,120397
9,1,1,3,91,120035
9,1,1,4,100,119009
9,1,1,5,96,120850
9,1,1,6,78,122042
9,1,1,7,108,123480
9,1,1,8,105,125769
9,1,1,9,86,127409
9,1,2,1,6,6325
9,1,2,2,6,6590
9,1,2,3,7,6815
9,1,2,4,12,6885
9,1,2,5,4,7118
9,1,2,6,7,7331
9,1,2,7,7,7470
9,1,2,8,5,7730
9,1,2,9,9,7909
9,2,1,1,33,126239
9,2,1,2,23,128041
9,2,1,3,40,127994
9,2,1,4,38,127401
9,2,1,5,38,129385
9,2,1,6,52,130991
9,2,1,7,49,132368
9,2,1,8,48,134667
9,2,1,9,61,136415
9,2,2,1,3,7142
9,2,2,2,2,7284
9,2,2,3,0,7393
9,2,2,4,0,7346
9,2,2,5,3,7467
9,2,2,6,2,7559
9,2,2,7,0,7715
9,2,2,8,1,7939
9,2,2,9,2,8127
10,1,1,1,7,12518
10,1,1,2,9,12574
10,1,1,3,10,12631
10,1,1,4,12,12738
10,1,1,5,9,12900
10,1,1,6,8,12971
10,1,1,7,5,12966
10,1,1,8,13,13027
10,1,1,9,6,13021
10,1,2,1,0,81
10,1,2,2,0,89
10,1,2,3,0,92
10,1,2,4,0,98
10,1,2,5,0,103
10,1,2,6,0,109
10,1,2,7,0,112
10,1,2,8,0,117
10,1,2,9,0,120
10,2,1,1,0,12792
10,2,1,2,3,12884
10,2,1,3,4,12961
10,2,1,4,4,13142
10,2,1,5,8,13324
10,2,1,6,3,13419
10,2,1,7,3,13375
10,2,1,8,6,13431
10,2,1,9,4,13449
10,2,2,1,0,100
10,2,2,2,0,100
10,2,2,3,0,107
10,2,2,4,0,107
10,2,2,5,0,106
10,2,2,6,0,108
10,2,2,7,0,113
10,2,2,8,0,113
10,2,2,9,0,120
11,1,1,1,13,15804
11,1,1,2,6,15751
11,1,1,3,15,15813
11,1,1,4,15,15678
11,1,1,5,9,15700
11,1,1,6,13,15845
11,1,1,7,12,16095
11,1,1,8,7,16367
11,1,1,9,17,16552
11,1,2,1,1,515
11,1,2,2,0,521
11,1,2,3,2,520
11,1,2,4,1,527
11,1,2,5,2,534
11,1,2,6,0,547
11,1,2,7,1,571
11,1,2,8,2,572
11,1,2,9,0,579
11,2,1,1,3,16665
11,2,1,2,7,16638
11,2,1,3,3,16676
11,2,1,4,3,16524
11,2,1,5,7,16559
11,2,1,6,6,16741
11,2,1,7,6,17020
11,2,1,8,2,17226
11,2,1,9,4,17425
11,2,2,1,0,560
11,2,2,2,1,566
11,2,2,3,0,590
11,2,2,4,0,595
11,2,2,5,0,597
11,2,2,6,0,600
11,2,2,7,0,615
11,2,2,8,0,632
11,2,2,9,0,637
12,1,1,1,69,65465
12,1,1,2,52,65466
12,1,1,3,53,64843
12,1,1,4,45,64414
12,1,1,5,49,64411
12,1,1,6,59,64393
12,1,1,7,57,64447
12,1,1,8,70,64622
12,1,1,9,62,64601
12,1,2,1,5,6407
12,1,2,2,4,6385
12,1,2,3,11,6328
12,1,2,4,6,6362
12,1,2,5,4,6425
12,1,2,6,5,6518
12,1,2,7,5,6562
12,1,2,8,5,6615
12,1,2,9,5,6670
12,2,1,1,18,70426
12,2,1,2,21,70399
12,2,1,3,21,69592
12,2,1,4,19,68995
12,2,1,5,29,68733
12,2,1,6,25,68544
12,2,1,7,31,68557
12,2,1,8,37,68600
12,2,1,9,32,68623
12,2,2,1,7,7485
12,2,2,2,3,7396
12,2,2,3,3,7296
12,2,2,4,3,7307
12,2,2,5,5,7292
12,2,2,6,3,7278
12,2,2,7,2,7313
12,2,2,8,2,7390
12,2,2,9,6,7456
13,1,1,1,43,62765
13,1,1,2,55,64227
13,1,1,3,45,64985
13,1,1,4,36,65312
13,1,1,5,49,66412
13,1,1,6,65,67511
13,1,1,7,48,68610
13,1,1,8,52,70453
13,1,1,9,52,71788
13,1,2,1,0,675
13,1,2,2,1,713
13,1,2,3,0,753
13,1,2,4,0,758
13,1,2,5,0,788
13,1,2,6,0,810
13,1,2,7,0,841
13,1,2,8,1,867
13,1,2,9,0,903
13,2,1,1,19,64538
13,2,1,2,15,65918
13,2,1,3,14,66708
13,2,1,4,15,67031
13,2,1,5,26,67939
13,2,1,6,28,68980
13,2,1,7,32,70100
13,2,1,8,34,71877
13,2,1,9,23,73145
13,2,2,1,0,735
13,2,2,2,0,763
13,2,2,3,0,798
13,2,2,4,0,818
13,2,2,5,0,845
13,2,2,6,1,863
13,2,2,7,0,887
13,2,2,8,2,919
13,2,2,9,0,952
14,1,1,1,8,16443
14,1,1,2,13,16355
14,1,1,3,14,16169
14,1,1,4,15,16015
14,1,1,5,9,16020
14,1,1,6,18,15892
14,1,1,7,10,15987
14,1,1,8,15,16260
14,1,1,9,21,16362
14,1,2,1,0,414
14,1,2,2,0,418
14,1,2,3,0,416
14,1,2,4,1,421
14,1,2,5,1,424
14,1,2,6,1,431
14,1,2,7,0,432
14,1,2,8,0,440
14,1,2,9,0,447
14,2,1,1,3,17281
14,2,1,2,3,17443
14,2,1,3,1,17517
14,2,1,4,3,17522
14,2,1,5,7,17762
14,2,1,6,7,17866
14,2,1,7,7,17963
14,2,1,8,7,18272
14,2,1,9,3,18427
14,2,2,1,0,397
14,2,2,2,0,394
14,2,2,3,0,398
14,2,2,4,0,401
14,2,2,5,0,407
14,2,2,6,0,411
14,2,2,7,2,416
14,2,2,8,0,429
14,2,2,9,0,433
15,1,1,1,35,54137
15,1,1,2,39,54021
15,1,1,3,46,54019
15,1,1,4,53,53474
15,1,1,5,52,53118
15,1,1,6,45,52697
15,1,1,7,49,51445
15,1,1,8,46,51468
15,1,1,9,45,50955
15,1,2,1,0,817
15,1,2,2,0,824
15,1,2,3,0,838
15,1,2,4,1,835
15,1,2,5,0,844
15,1,2,6,1,837
15,1,2,7,0,828
15,1,2,8,1,837
15,1,2,9,0,831
15,2,1,1,16,57225
15,2,1,2,24,57351
15,2,1,3,18,57343
15,2,1,4,8,57038
15,2,1,5,22,56714
15,2,1,6,19,56433
15,2,1,7,19,55032
15,2,1,8,20,54931
15,2,1,9,15,54466
15,2,2,1,0,945
15,2,2,2,0,946
15,2,2,3,0,958
15,2,2,4,0,972
15,2,2,5,0,965
15,2,2,6,0,965
15,2,2,7,0,954
15,2,2,8,0,958
15,2,2,9,0,965
16,1,1,1,15,17132
16,1,1,2,12,17274
16,1,1,3,9,17231
16,1,1,4,15,17173
16,1,1,5,11,17257
16,1,1,6,9,17035
16,1,1,7,16,17014
16,1,1,8,11,17088
16,1,1,9,13,17066
16,1,2,1,0,244
16,1,2,2,0,258
16,1,2,3,1,268
16,1,2,4,0,275
16,1,2,5,0,287
16,1,2,6,0,292
16,1,2,7,0,297
16,1,2,8,0,308
16,1,2,9,0,318
16,2,1,1,7,18282
16,2,1,2,1,18396
16,2,1,3,3,18344
16,2,1,4,3,18244
16,2,1,5,4,18338
16,2,1,6,2,18126
16,2,1,7,12,18023
16,2,1,8,2,18058
16,2,1,9,6,18045
16,2,2,1,0,300
16,2,2,2,0,319
16,2,2,3,0,332
16,2,2,4,0,344
16,2,2,5,0,359
16,2,2,6,0,360
16,2,2,7,0,373
16,2,2,8,0,391
16,2,2,9,0,397
17,1,1,1,19,23874
17,1,1,2,19,23924
17,1,1,3,26,23695
17,1,1,4,16,23322
17,1,1,5,20,23657
17,1,1,6,22,23656
17,1,1,7,21,23445
17,1,1,8,15,23457
17,1,1,9,19,23402
17,1,2,1,0,216
17,1,2,2,0,208
17,1,2,3,0,196
17,1,2,4,0,182
17,1,2,5,0,187
17,1,2,6,0,185
17,1,2,7,0,179
17,1,2,8,1,179
17,1,2,9,1,186
17,2,1,1,9,25599
17,2,1,2,2,25563
17,2,1,3,11,25271
17,2,1,4,5,24890
17,2,1,5,5,25087
17,2,1,6,13,25024
17,2,1,7,9,24761
17,2,1,8,8,24787
17,2,1,9,11,24715
17,2,2,1,0,230
17,2,2,2,0,224
17,2,2,3,0,223
17,2,2,4,0,220
17,2,2,5,1,219
17,2,2,6,0,221
17,2,2,7,0,228
17,2,2,8,0,229
17,2,2,9,0,237
18,1,1,1,510,541095
18,1,1,2,493,534240
18,1,1,3,514,526691
18,1,1,4,501,522927
18,1,1,5,477,518843
18,1,1,6,466,512623
18,1,1,7,475,510292
18,1,1,8,453,504439
18,1,1,9,453,499655
18,1,2,1,149,164286
18,1,2,2,157,165336
18,1,2,3,149,166623
18,1,2,4,154,169033
18,1,2,5,158,170790
18,1,2,6,155,172224
18,1,2,7,147,174515
18,1,2,8,174,176487
18,1,2,9,188,178432
18,2,1,1,214,595755
18,2,1,2,204,589308
18,2,1,3,205,582565
18,2,1,4,231,579458
18,2,1,5,230,574751
18,2,1,6,247,568362
18,2,1,7,253,565180
18,2,1,8,259,558067
18,2,1,9,269,552388
18,2,2,1,44,190550
18,2,2,2,59,192403
18,2,2,3,41,194442
18,2,2,4,54,197207
18,2,2,5,58,199141
18,2,2,6,69,200946
18,2,2,7,78,203255
18,2,2,8,66,205264
18,2,2,9,83,207628
19,1,1,1,13,26407
19,1,1,2,15,26291
19,1,1,3,23,25872
19,1,1,4,16,25829
19,1,1,5,18,26093
19,1,1,6,29,26132
19,1,1,7,23,25946
19,1,1,8,23,26053
19,1,1,9,22,26074
19,1,2,1,0,157
19,1,2,2,0,150
19,1,2,3,0,140
19,1,2,4,0,133
19,1,2,5,0,129
19,1,2,6,0,123
19,1,2,7,0,127
19,1,2,8,0,116
19,1,2,9,0,114
19,2,1,1,5,28057
19,2,1,2,3,27874
19,2,1,3,0,27402
19,2,1,4,7,27383
19,2,1,5,6,27465
19,2,1,6,8,27512
19,2,1,7,5,27274
19,2,1,8,5,27336
19,2,1,9,13,27293
19,2,2,1,0,161
19,2,2,2,0,154
19,2,2,3,0,144
19,2,2,4,0,137
19,2,2,5,0,132
19,2,2,6,0,132
19,2,2,7,0,121
19,2,2,8,0,126
19,2,2,9,0,117
20,1,1,1,9,19374
20,1,1,2,9,19322
20,1,1,3,9,19065
20,1,1,4,9,18840
20,1,1,5,12,18783
20,1,1,6,9,19080
20,1,1,7,14,19090
20,1,1,8,12,19226
20,1,1,9,15,19313
20,1,2,1,0,206
20,1,2,2,0,214
20,1,2,3,0,212
20,1,2,4,0,219
20,1,2,5,0,222
20,1,2,6,0,239
20,1,2,7,0,247
20,1,2,8,0,259
20,1,2,9,0,264
20,2,1,1,3,19998
20,2,1,2,4,19908
20,2,1,3,3,19585
20,2,1,4,1,19318
20,2,1,5,4,19177
20,2,1,6,3,19483
20,2,1,7,11,19493
20,2,1,8,4,19545
20,2,1,9,7,19659
20,2,2,1,0,190
20,2,2,2,0,191
20,2,2,3,0,197
20,2,2,4,0,198
20,2,2,5,0,206
20,2,2,6,0,220
20,2,2,7,0,232
20,2,2,8,0,240
20,2,2,9,0,248
21,1,1,1,12,25916
21,1,1,2,6,26304
21,1,1,3,15,26637
21,1,1,4,19,26729
21,1,1,5,10,27060
21,1,1,6,12,27474
21,1,1,7,13,28192
21,1,1,8,17,28765
21,1,1,9,13,29323
21,1,2,1,1,734
21,1,2,2,0,787
21,1,2,3,1,842
21,1,2,4,0,872
21,1,2,5,1,911
21,1,2,6,1,955
21,1,2,7,0,987
21,1,2,8,1,1016
21,1,2,9,1,1046
21,2,1,1,4,26464
21,2,1,2,4,26872
21,2,1,3,7,27140
21,2,1,4,8,27326
21,2,1,5,3,27756
21,2,1,6,10,28098
21,2,1,7,10,28843
21,2,1,8,10,29331
21,2,1,9,8,29917
21,2,2,1,0,758
21,2,2,2,0,774
21,2,2,3,1,792
21,2,2,4,0,802
21,2,2,5,0,801
21,2,2,6,1,808
21,2,2,7,0,835
21,2,2,8,0,864
21,2,2,9,0,885
22,1,1,1,26,35892
22,1,1,2,23,35875
22,1,1,3,20,35411
22,1,1,4,30,34956
22,1,1,5,25,35117
22,1,1,6,22,34954
22,1,1,7,26,34788
22,1,1,8,18,34763
22,1,1,9,32,34607
22,1,2,1,3,2911
22,1,2,2,0,2963
22,1,2,3,3,2988
22,1,2,4,3,3014
22,1,2,5,5,3071
22,1,2,6,2,3097
22,1,2,7,1,3156
22,1,2,8,1,3215
22,1,2,9,2,3254
22,2,1,1,11,37324
22,2,1,2,8,37136
22,2,1,3,12,36606
22,2,1,4,7,36047
22,2,1,5,11,35948
22,2,1,6,15,35729
22,2,1,7,16,35468
22,2,1,8,12,35388
22,2,1,9,19,35238
22,2,2,1,1,3200
22,2,2,2,1,3286
22,2,2,3,1,3340
22,2,2,4,0,3400
22,2,2,5,1,3466
22,2,2,6,1,3560
22,2,2,7,0,3607
22,2,2,8,1,3670
22,2,2,9,1,3745
23,1,1,1,24,45490
23,1,1,2,30,46149
23,1,1,3,34,46287
23,1,1,4,40,46076
23,1,1,5,25,46409
23,1,1,6,38,46795
23,1,1,7,37,47569
23,1,1,8,35,48410
23,1,1,9,31,49045
23,1,2,1,0,317
23,1,2,2,0,322
23,1,2,3,1,341
23,1,2,4,0,337
23,1,2,5,1,343
23,1,2,6,0,344
23,1,2,7,0,357
23,1,2,8,0,377
23,1,2,9,1,382
23,2,1,1,9,47499
23,2,1,2,8,48194
23,2,1,3,13,48253
23,2,1,4,13,47982
23,2,1,5,7,48150
23,2,1,6,16,48520
23,2,1,7,14,49243
23,2,1,8,19,50038
23,2,1,9,13,50615
23,2,2,1,0,324
23,2,2,2,0,346
23,2,2,3,0,354
23,2,2,4,0,347
23,2,2,5,0,352
23,2,2,6,0,365
23,2,2,7,0,381
23,2,2,8,0,403
23,2,2,9,0,417
24,1,1,1,10,12850
24,1,1,2,17,12805
24,1,1,3,11,12825
24,1,1,4,14,12933
24,1,1,5,11,12908
24,1,1,6,13,12897
24,1,1,7,15,12864
24,1,1,8,11,12928
24,1,1,9,12,12987
24,1,2,1,0,401
24,1,2,2,1,404
24,1,2,3,0,416
24,1,2,4,0,423
24,1,2,5,1,426
24,1,2,6,0,431
24,1,2,7,0,434
24,1,2,8,0,440
24,1,2,9,1,442
24,2,1,1,4,13674
24,2,1,2,4,13630
24,2,1,3,4,13671
24,2,1,4,1,13771
24,2,1,5,2,13709
24,2,1,6,3,13691
24,2,1,7,8,13690
24,2,1,8,5,13723
24,2,1,9,5,13734
24,2,2,1,0,397
24,2,2,2,0,400
24,2,2,3,0,397
24,2,2,4,0,412
24,2,2,5,0,420
24,2,2,6,0,424
24,2,2,7,0,434
24,2,2,8,1,433
24,2,2,9,0,437
25,1,1,1,236,352275
25,1,1,2,241,355179
25,1,1,3,279,355483
25,1,1,4,270,355471
25,1,1,5,254,358382
25,1,1,6,290,360427
25,1,1,7,263,364753
25,1,1,8,266,368596
25,1,1,9,292,372347
25,1,2,1,45,66369
25,1,2,2,44,68044
25,1,2,3,47,69559
25,1,2,4,54,70665
25,1,2,5,52,72078
25,1,2,6,75,73462
25,1,2,7,58,74991
25,1,2,8,52,76537
25,1,2,9,52,78273
25,2,1,1,102,376648
25,2,1,2,132,379523
25,2,1,3,109,380188
25,2,1,4,136,380804
25,2,1,5,115,383226
25,2,1,6,140,384913
25,2,1,7,164,389642
25,2,1,8,146,393610
25,2,1,9,172,397189
25,2,2,1,19,73505
25,2,2,2,14,75045
25,2,2,3,16,76472
25,2,2,4,18,77524
25,2,2,5,23,78732
25,2,2,6,19,79927
25,2,2,7,14,81604
25,2,2,8,24,83212
25,2,2,9,27,85008
26,1,1,1,8,18372
26,1,1,2,12,18441
26,1,1,3,5,18371
26,1,1,4,11,18355
26,1,1,5,13,18540
26,1,1,6,8,18625
26,1,1,7,3,18365
26,1,1,8,8,18569
26,1,1,9,8,18600
26,1,2,1,0,80
26,1,2,2,0,75
26,1,2,3,0,70
26,1,2,4,1,67
26,1,2,5,0,65
26,1,2,6,0,64
26,1,2,7,0,61
26,1,2,8,0,61
26,1,2,9,1,62
26,2,1,1,1,19151
26,2,1,2,3,19275
26,2,1,3,3,19224
26,2,1,4,4,19230
26,2,1,5,5,19432
26,2,1,6,1,19554
26,2,1,7,4,19277
26,2,1,8,8,19427
26,2,1,9,2,19444
26,2,2,1,0,73
26,2,2,2,0,66
26,2,2,3,0,60
26,2,2,4,0,61
26,2,2,5,0,62
26,2,2,6,0,61
26,2,2,7,0,58
26,2,2,8,0,64
26,2,2,9,0,65
27,1,1,1,12,14259
27,1,1,2,13,14284
27,1,1,3,7,14073
27,1,1,4,13,14090
27,1,1,5,7,14234
27,1,1,6,5,14221
27,1,1,7,11,14154
27,1,1,8,14,14318
27,1,1,9,19,14389
27,1,2,1,1,542
27,1,2,2,0,568
27,1,2,3,1,581
27,1,2,4,1,592
27,1,2,5,0,608
27,1,2,6,0,633
27,1,2,7,1,641
27,1,2,8,0,662
27,1,2,9,2,686
27,2,1,1,2,14702
27,2,1,2,4,14751
27,2,1,3,3,14525
27,2,1,4,1,14514
27,2,1,5,3,14601
27,2,1,6,1,14600
27,2,1,7,4,14496
27,2,1,8,5,14664
27,2,1,9,8,14710
27,2,2,1,0,548
27,2,2,2,0,561
27,2,2,3,1,570
27,2,2,4,0,587
27,2,2,5,0,605
27,2,2,6,0,612
27,2,2,7,0,627
27,2,2,8,0,650
27,2,2,9,0,665
28,1,1,1,17,36308
28,1,1,2,18,36438
28,1,1,3,27,36356
28,1,1,4,16,36229
28,1,1,5,13,36236
28,1,1,6,11,36370
28,1,1,7,24,37095
28,1,1,8,19,37375
28,1,1,9,17,37759
28,1,2,1,0,629
28,1,2,2,0,690
28,1,2,3,0,752
28,1,2,4,0,799
28,1,2,5,1,844
28,1,2,6,0,893
28,1,2,7,1,945
28,1,2,8,1,1004
28,1,2,9,1,1051
28,2,1,1,5,36660
28,2,1,2,11,36697
28,2,1,3,9,36671
28,2,1,4,9,36548
28,2,1,5,6,36563
28,2,1,6,9,36637
28,2,1,7,13,37368
28,2,1,8,8,37611
28,2,1,9,12,37973
28,2,2,1,0,645
28,2,2,2,0,701
28,2,2,3,0,759
28,2,2,4,0,803
28,2,2,5,0,842
28,2,2,6,0,878
28,2,2,7,0,940
28,2,2,8,0,989
28,2,2,9,0,1040
29,1,1,1,32,59087
29,1,1,2,27,59099
29,1,1,3,25,59001
29,1,1,4,33,58440
29,1,1,5,35,58122
29,1,1,6,45,58501
29,1,1,7,35,58795
29,1,1,8,32,59394
29,1,1,9,33,59692
29,1,2,1,4,5049
29,1,2,2,2,5174
29,1,2,3,2,5320
29,1,2,4,4,5359
29,1,2,5,4,5390
29,1,2,6,1,5589
29,1,2,7,3,5763
29,1,2,8,4,5922
29,1,2,9,4,6047
29,2,1,1,7,60113
29,2,1,2,15,60403
29,2,1,3,9,60599
29,2,1,4,19,60281
29,2,1,5,11,60011
29,2,1,6,23,59916
29,2,1,7,12,60160
29,2,1,8,22,60834
29,2,1,9,14,61060
29,2,2,1,1,5172
29,2,2,2,0,5239
29,2,2,3,0,5327
29,2,2,4,1,5332
29,2,2,5,0,5364
29,2,2,6,2,5439
29,2,2,7,0,5610
29,2,2,8,2,5774
29,2,2,9,1,5892
30,1,1,1,17,19682
30,1,1,2,22,19637
30,1,1,3,26,19434
30,1,1,4,23,19249
30,1,1,5,12,19125
30,1,1,6,15,18774
30,1,1,7,13,18310
30,1,1,8,20,18263
30,1,1,9,19,18037
30,1,2,1,0,417
30,1,2,2,0,441
30,1,2,3,0,456
30,1,2,4,1,477
30,1,2,5,2,500
30,1,2,6,3,520
30,1,2,7,0,520
30,1,2,8,0,543
30,1,2,9,0,558
30,2,1,1,5,21427
30,2,1,2,2,21487
30,2,1,3,5,21343
30,2,1,4,8,21221
30,2,1,5,5,21128
30,2,1,6,4,20882
30,2,1,7,5,20338
30,2,1,8,13,20255
30,2,1,9,7,19987
30,2,2,1,0,409
30,2,2,2,0,428
30,2,2,3,0,450
30,2,2,4,0,477
30,2,2,5,0,493
30,2,2,6,0,501
30,2,2,7,0,504
30,2,2,8,0,530
30,2,2,9,1,550
31,1,1,1,334,333138
31,1,1,2,285,332098
31,1,1,3,300,329635
31,1,1,4,325,326355
31,1,1,5,318,325986
31,1,1,6,322,325245
31,1,1,7,271,327544
31,1,1,8,303,326958
31,1,1,9,273,327061
31,1,2,1,82,79220
31,1,2,2,75,80344
31,1,2,3,84,81459
31,1,2,4,69,82308
31,1,2,5,90,83160
31,1,2,6,87,83960
31,1,2,7,83,85205
31,1,2,8,77,86488
31,1,2,9,80,87683
31,2,1,1,142,366290
31,2,1,2,145,365428
31,2,1,3,139,363205
31,2,1,4,141,359965
31,2,1,5,184,358957
31,2,1,6,192,357629
31,2,1,7,176,359873
31,2,1,8,173,359016
31,2,1,9,179,358924
31,2,2,1,25,92442
31,2,2,2,37,94025
31,2,2,3,31,95677
31,2,2,4,33,96568
31,2,2,5,50,97712
31,2,2,6,38,98874
31,2,2,7,42,100393
31,2,2,8,40,101514
31,2,2,9,44,102963
32,1,1,1,19,30703
32,1,1,2,19,30809
32,1,1,3,15,30893
32,1,1,4,28,30838
32,1,1,5,23,31110
32,1,1,6,22,31278
32,1,1,7,24,30924
32,1,1,8,27,31096
32,1,1,9,16,31081
32,1,2,1,0,423
32,1,2,2,0,452
32,1,2,3,1,476
32,1,2,4,0,490
32,1,2,5,0,516
32,1,2,6,0,541
32,1,2,7,0,546
32,1,2,8,0,570
32,1,2,9,0,585
32,2,1,1,10,32869
32,2,1,2,3,33013
32,2,1,3,8,33162
32,2,1,4,13,33132
32,2,1,5,4,33441
32,2,1,6,9,33597
32,2,1,7,9,33246
32,2,1,8,9,33279
32,2,1,9,13,33291
32,2,2,1,0,380
32,2,2,2,0,391
32,2,2,3,0,423
32,2,2,4,0,430
32,2,2,5,0,454
32,2,2,6,0,479
32,2,2,7,0,484
32,2,2,8,0,504
32,2,2,9,0,505
33,1,1,1,15,15843
33,1,1,2,10,15805
33,1,1,3,14,15613
33,1,1,4,17,15306
33,1,1,5,11,15297
33,1,1,6,19,15239
33,1,1,7,13,15112
33,1,1,8,16,15258
33,1,1,9,15,15285
33,1,2,1,0,144
33,1,2,2,0,144
33,1,2,3,0,138
33,1,2,4,0,135
33,1,2,5,0,135
33,1,2,6,0,135
33,1,2,7,0,135
33,1,2,8,0,135
33,1,2,9,0,142
33,2,1,1,3,16447
33,2,1,2,5,16468
33,2,1,3,4,16322
33,2,1,4,8,16090
33,2,1,5,4,16127
33,2,1,6,7,16190
33,2,1,7,6,16034
33,2,1,8,3,16195
33,2,1,9,6,16241
33,2,2,1,0,159
33,2,2,2,0,158
33,2,2,3,0,161
33,2,2,4,0,156
33,2,2,5,0,155
33,2,2,6,0,154
33,2,2,7,0,150
33,2,2,8,1,152
33,2,2,9,0,153
34,1,1,1,6,8502
34,1,1,2,7,8362
34,1,1,3,13,8258
34,1,1,4,15,8153
34,1,1,5,5,7920
34,1,1,6,6,7759
34,1,1,7,14,7582
34,1,1,8,6,7305
34,1,1,9,11,7110
34,1,2,1,0,255
34,1,2,2,0,245
34,1,2,3,1,232
34,1,2,4,0,226
34,1,2,5,0,217
34,1,2,6,0,212
34,1,2,7,0,200
34,1,2,8,0,192
34,1,2,9,0,186
34,2,1,1,2,8975
34,2,1,2,4,8867
34,2,1,3,6,8820
34,2,1,4,7,8786
34,2,1,5,2,8560
34,2,1,6,1,8471
34,2,1,7,2,8262
34,2,1,8,6,7964
34,2,1,9,3,7747
34,2,2,1,0,255
34,2,2,2,1,247
34,2,2,3,0,238
34,2,2,4,0,227
34,2,2,5,0,219
34,2,2,6,0,211
34,2,2,7,0,204
34,2,2,8,0,198
34,2,2,9,0,186
35,1,1,1,6,13767
35,1,1,2,11,13673
35,1,1,3,11,13576
35,1,1,4,2,13616
35,1,1,5,9,13663
35,1,1,6,19,13691
35,1,1,7,11,13584
35,1,1,8,7,13645
35,1,1,9,8,13657
35,1,2,1,0,125
35,1,2,2,1,135
35,1,2,3,0,147
35,1,2,4,0,165
35,1,2,5,0,176
35,1,2,6,0,194
35,1,2,7,0,208
35,1,2,8,0,222
35,1,2,9,0,242
35,2,1,1,1,14315
35,2,1,2,1,14270
35,2,1,3,1,14232
35,2,1,4,0,14303
35,2,1,5,3,14390
35,2,1,6,4,14422
35,2,1,7,5,14344
35,2,1,8,2,14361
35,2,1,9,1,14357
35,2,2,1,0,70
35,2,2,2,0,72
35,2,2,3,0,75
35,2,2,4,0,82
35,2,2,5,0,91
35,2,2,6,0,92
35,2,2,7,0,96
35,2,2,8,0,95
35,2,2,9,0,101
36,1,1,1,17,15970
36,1,1,2,7,16185
36,1,1,3,11,16111
36,1,1,4,19,16054
36,1,1,5,17,16304
36,1,1,6,18,16405
36,1,1,7,11,16476
36,1,1,8,18,16792
36,1,1,9,16,16990
36,1,2,1,0,399
36,1,2,2,0,408
36,1,2,3,0,402
36,1,2,4,1,405
36,1,2,5,2,406
36,1,2,6,0,408
36,1,2,7,0,415
36,1,2,8,0,411
36,1,2,9,1,423
36,2,1,1,7,16704
36,2,1,2,6,16981
36,2,1,3,6,16846
36,2,1,4,4,16783
36,2,1,5,5,17004
36,2,1,6,7,17054
36,2,1,7,8,17143
36,2,1,8,3,17489
36,2,1,9,7,17659
36,2,2,1,1,433
36,2,2,2,0,435
36,2,2,3,0,442
36,2,2,4,0,445
36,2,2,5,0,449
36,2,2,6,0,448
36,2,2,7,0,448
36,2,2,8,0,455
36,2,2,9,0,456
37,1,1,1,11,11869
37,1,1,2,9,11890
37,1,1,3,12,11810
37,1,1,4,13,11992
37,1,1,5,10,12140
37,1,1,6,11,12109
37,1,1,7,7,12186
37,1,1,8,11,12371
37,1,1,9,10,12480
37,1,2,1,0,77
37,1,2,2,0,80
37,1,2,3,0,77
37,1,2,4,0,81
37,1,2,5,1,90
37,1,2,6,0,89
37,1,2,7,0,90
37,1,2,8,0,90
37,1,2,9,0,89
37,2,1,1,3,12189
37,2,1,2,5,12224
37,2,1,3,3,12106
37,2,1,4,2,12252
37,2,1,5,7,12350
37,2,1,6,7,12269
37,2,1,7,3,12317
37,2,1,8,6,12503
37,2,1,9,2,12596
37,2,2,1,0,99
37,2,2,2,0,98
37,2,2,3,0,103
37,2,2,4,0,108
37,2,2,5,0,113
37,2,2,6,0,112
37,2,2,7,0,111
37,2,2,8,0,116
37,2,2,9,0,119
38,1,1,1,3,14366
38,1,1,2,7,14590
38,1,1,3,7,14679
38,1,1,4,4,14738
38,1,1,5,4,14767
38,1,1,6,8,14922
38,1,1,7,7,14844
38,1,1,8,4,14844
38,1,1,9,4,14792
38,1,2,1,0,27
38,1,2,2,0,26
38,1,2,3,0,26
38,1,2,4,0,22
38,1,2,5,0,21
38,1,2,6,0,22
38,1,2,7,0,18
38,1,2,8,0,18
38,1,2,9,0,16
38,2,1,1,0,14954
38,2,1,2,1,15245
38,2,1,3,2,15352
38,2,1,4,1,15472
38,2,1,5,2,15523
38,2,1,6,0,15672
38,2,1,7,2,15557
38,2,1,8,2,15509
38,2,1,9,4,15510
38,2,2,1,0,41
38,2,2,2,0,41
38,2,2,3,0,37
38,2,2,4,0,36
38,2,2,5,0,33
38,2,2,6,0,31
38,2,2,7,0,30
38,2,2,8,0,28
38,2,2,9,0,29
39,1,1,1,21,26028
39,1,1,2,21,26075
39,1,1,3,14,25852
39,1,1,4,12,25799
39,1,1,5,16,26017
39,1,1,6,17,25879
39,1,1,7,22,26179
39,1,1,8,18,26394
39,1,1,9,10,26488
39,1,2,1,0,369
39,1,2,2,2,355
39,1,2,3,0,350
39,1,2,4,1,339
39,1,2,5,0,335
39,1,2,6,0,328
39,1,2,7,0,332
39,1,2,8,0,326
39,1,2,9,1,329
39,2,1,1,4,27767
39,2,1,2,5,27929
39,2,1,3,9,27858
39,2,1,4,5,27891
39,2,1,5,5,28248
39,2,1,6,3,28275
39,2,1,7,11,28490
39,2,1,8,5,28704
39,2,1,9,5,28838
39,2,2,1,0,355
39,2,2,2,0,347
39,2,2,3,0,333
39,2,2,4,0,325
39,2,2,5,0,322
39,2,2,6,1,316
39,2,2,7,0,312
39,2,2,8,0,319
39,2,2,9,0,321
40,1,1,1,16,14547
40,1,1,2,9,14478
40,1,1,3,13,14431
40,1,1,4,12,14546
40,1,1,5,12,14570
40,1,1,6,9,14626
40,1,1,7,8,14493
40,1,1,8,20,14605
40,1,1,9,13,14636
40,1,2,1,1,134
40,1,2,2,0,137
40,1,2,3,0,141
40,1,2,4,0,149
40,1,2,5,0,158
40,1,2,6,0,162
40,1,2,7,0,165
40,1,2,8,0,175
40,1,2,9,0,184
40,2,1,1,5,15677
40,2,1,2,2,15547
40,2,1,3,6,15430
40,2,1,4,2,15488
40,2,1,5,2,15456
40,2,1,6,6,15453
40,2,1,7,7,15282
40,2,1,8,6,15401
40,2,1,9,5,15382
40,2,2,1,0,123
40,2,2,2,1,128
40,2,2,3,0,128
40,2,2,4,0,136
40,2,2,5,0,138
40,2,2,6,0,145
40,2,2,7,0,146
40,2,2,8,0,152
40,2,2,9,0,155
41,1,1,1,44,41211
41,1,1,2,48,40814
41,1,1,3,48,40309
41,1,1,4,38,39223
41,1,1,5,47,38769
41,1,1,6,33,38135
41,1,1,7,47,36810
41,1,1,8,49,36382
41,1,1,9,50,35719
41,1,2,1,2,2610
41,1,2,2,2,2649
41,1,2,3,4,2694
41,1,2,4,4,2697
41,1,2,5,2,2740
41,1,2,6,3,2784
41,1,2,7,1,2697
41,1,2,8,3,2703
41,1,2,9,2,2676
41,2,1,1,9,44440
41,2,1,2,18,44320
41,2,1,3,13,44164
41,2,1,4,12,43397
41,2,1,5,19,43235
41,2,1,6,19,42997
41,2,1,7,23,41420
41,2,1,8,16,40887
41,2,1,9,21,40090
41,2,2,1,0,2790
41,2,2,2,0,2789
41,2,2,3,0,2790
41,2,2,4,0,2708
41,2,2,5,0,2688
41,2,2,6,1,2653
41,2,2,7,0,2567
41,2,2,8,0,2561
41,2,2,9,4,2543
42,1,1,1,11,22314
42,1,1,2,20,22481
42,1,1,3,21,22710
42,1,1,4,18,22695
42,1,1,5,22,22755
42,1,1,6,20,22886
42,1,1,7,14,22712
42,1,1,8,21,22951
42,1,1,9,23,23026
42,1,2,1,0,219
42,1,2,2,0,221
42,1,2,3,0,222
42,1,2,4,2,230
42,1,2,5,0,221
42,1,2,6,0,225
42,1,2,7,1,219
42,1,2,8,0,225
42,1,2,9,0,225
42,2,1,1,4,23463
42,2,1,2,2,23640
42,2,1,3,6,23888
42,2,1,4,8,23871
42,2,1,5,4,23955
42,2,1,6,6,24079
42,2,1,7,8,23826
42,2,1,8,6,24049
42,2,1,9,14,24147
42,2,2,1,0,232
42,2,2,2,0,233
42,2,2,3,0,238
42,2,2,4,0,235
42,2,2,5,0,239
42,2,2,6,0,238
42,2,2,7,0,238
42,2,2,8,0,242
42,2,2,9,0,240
43,1,1,1,68,101734
43,1,1,2,60,102204
43,1,1,3,62,102443
43,1,1,4,77,101998
43,1,1,5,75,101558
43,1,1,6,88,100966
43,1,1,7,81,101418
43,1,1,8,65,101644
43,1,1,9,96,101880
43,1,2,1,0,2087
43,1,2,2,2,2124
43,1,2,3,0,2206
43,1,2,4,2,2185
43,1,2,5,1,2171
43,1,2,6,2,2148
43,1,2,7,1,2151
43,1,2,8,0,2154
43,1,2,9,0,2170
43,2,1,1,32,106014
43,2,1,2,21,106774
43,2,1,3,31,107374
43,2,1,4,35,107240
43,2,1,5,27,107071
43,2,1,6,36,106657
43,2,1,7,29,107028
43,2,1,8,42,107225
43,2,1,9,51,107365
43,2,2,1,1,2303
43,2,2,2,0,2380
43,2,2,3,1,2437
43,2,2,4,0,2414
43,2,2,5,0,2390
43,2,2,6,1,2368
43,2,2,7,0,2375
43,2,2,8,1,2408
43,2,2,9,0,2410
44,1,1,1,21,29986
44,1,1,2,18,29989
44,1,1,3,30,29559
44,1,1,4,28,29556
44,1,1,5,25,29691
44,1,1,6,25,29313
44,1,1,7,21,29150
44,1,1,8,32,29199
44,1,1,9,30,29103
44,1,2,1,0,874
44,1,2,2,1,904
44,1,2,3,4,946
44,1,2,4,1,998
44,1,2,5,0,1059
44,1,2,6,0,1094
44,1,2,7,0,1118
44,1,2,8,2,1153
44,1,2,9,1,1184
44,2,1,1,17,31911
44,2,1,2,7,31921
44,2,1,3,11,31470
44,2,1,4,7,31462
44,2,1,5,16,31590
44,2,1,6,12,31157
44,2,1,7,12,31036
44,2,1,8,12,30992
44,2,1,9,18,30808
44,2,2,1,1,873
44,2,2,2,0,868
44,2,2,3,0,862
44,2,2,4,0,874
44,2,2,5,0,884
44,2,2,6,0,879
44,2,2,7,0,908
44,2,2,8,0,936
44,2,2,9,0,971
45,1,1,1,46,57934
45,1,1,2,58,58755
45,1,1,3,41,59169
45,1,1,4,43,58967
45,1,1,5,53,59186
45,1,1,6,48,59479
45,1,1,7,58,59484
45,1,1,8,40,59883
45,1,1,9,57,60148
45,1,2,1,0,1265
45,1,2,2,1,1285
45,1,2,3,1,1298
45,1,2,4,2,1290
45,1,2,5,1,1282
45,1,2,6,1,1290
45,1,2,7,0,1283
45,1,2,8,1,1305
45,1,2,9,1,1297
45,2,1,1,21,60553
45,2,1,2,13,61519
45,2,1,3,15,61870
45,2,1,4,23,61883
45,2,1,5,30,62085
45,2,1,6,12,62433
45,2,1,7,18,62369
45,2,1,8,20,62697
45,2,1,9,23,62973
45,2,2,1,2,1302
45,2,2,2,0,1335
45,2,2,3,0,1369
45,2,2,4,0,1346
45,2,2,5,0,1348
45,2,2,6,0,1346
45,2,2,7,0,1352
45,2,2,8,0,1358
45,2,2,9,0,1352
46,1,1,1,14,18616
46,1,1,2,24,18647
46,1,1,3,16,18489
46,1,1,4,17,18513
46,1,1,5,10,18685
46,1,1,6,20,18777
46,1,1,7,18,18787
46,1,1,8,22,19094
46,1,1,9,19,19254
46,1,2,1,0,404
46,1,2,2,0,402
46,1,2,3,1,398
46,1,2,4,0,402
46,1,2,5,2,408
46,1,2,6,0,404
46,1,2,7,0,406
46,1,2,8,1,409
46,1,2,9,0,416
46,2,1,1,5,19636
46,2,1,2,7,19804
46,2,1,3,7,19743
46,2,1,4,7,19865
46,2,1,5,8,20075
46,2,1,6,5,20257
46,2,1,7,6,20230
46,2,1,8,7,20546
46,2,1,9,6,20690
46,2,2,1,0,413
46,2,2,2,0,415
46,2,2,3,0,417
46,2,2,4,0,415
46,2,2,5,0,418
46,2,2,6,0,425
46,2,2,7,0,425
46,2,2,8,0,427
46,2,2,9,0,435
47,1,1,1,80,123261
47,1,1,2,69,122948
47,1,1,3,97,122079
47,1,1,4,87,120888
47,1,1,5,78,120295
47,1,1,6,80,119883
47,1,1,7,95,118812
47,1,1,8,88,118930
47,1,1,9,104,118533
47,1,2,1,8,10372
47,1,2,2,9,10558
47,1,2,3,8,10766
47,1,2,4,3,10834
47,1,2,5,9,10891
47,1,2,6,8,11037
47,1,2,7,5,11045
47,1,2,8,6,11195
47,1,2,9,10,11333
47,2,1,1,24,128960
47,2,1,2,32,129001
47,2,1,3,28,128776
47,2,1,4,33,127777
47,2,1,5,35,127534
47,2,1,6,33,127503
47,2,1,7,34,126146
47,2,1,8,42,126183
47,2,1,9,35,125680
47,2,2,1,3,11131
47,2,2,2,0,11290
47,2,2,3,3,11463
47,2,2,4,2,11425
47,2,2,5,2,11518
47,2,2,6,3,11555
47,2,2,7,3,11553
47,2,2,8,0,11735
47,2,2,9,0,11809
48,1,1,1,151,193633
48,1,1,2,172,192757
48,1,1,3,160,191059
48,1,1,4,183,189145
48,1,1,5,149,187525
48,1,1,6,171,186894
48,1,1,7,181,186631
48,1,1,8,160,185986
48,1,1,9,150,185367
48,1,2,1,23,31876
48,1,2,2,31,32378
48,1,2,3,29,32830
48,1,2,4,26,33192
48,1,2,5,24,33624
48,1,2,6,30,34088
48,1,2,7,24,34784
48,1,2,8,22,35453
48,1,2,9,39,36104
48,2,1,1,60,208950
48,2,1,2,70,208276
48,2,1,3,76,206682
48,2,1,4,76,205114
48,2,1,5,62,203537
48,2,1,6,100,202770
48,2,1,7,91,202241
48,2,1,8,93,201331
48,2,1,9,108,200458
48,2,2,1,9,35776
48,2,2,2,9,36468
48,2,2,3,12,37137
48,2,2,4,7,37752
48,2,2,5,8,38206
48,2,2,6,7,38971
48,2,2,7,9,39647
48,2,2,8,15,40316
48,2,2,9,8,41115
49,1,1,1,7,15823
49,1,1,2,6,16124
49,1,1,3,11,16368
49,1,1,4,15,16691
49,1,1,5,15,16611
49,1,1,6,16,16849
49,1,1,7,7,17059
49,1,1,8,11,17278
49,1,1,9,8,17487
49,1,2,1,1,1231
49,1,2,2,0,1234
49,1,2,3,0,1235
49,1,2,4,1,1199
49,1,2,5,0,1180
49,1,2,6,0,1157
49,1,2,7,0,1145
49,1,2,8,0,1132
49,1,2,9,0,1124
49,2,1,1,2,15548
49,2,1,2,7,15768
49,2,1,3,3,15999
49,2,1,4,8,16226
49,2,1,5,5,16061
49,2,1,6,5,16234
49,2,1,7,5,16425
49,2,1,8,4,16623
49,2,1,9,8,16784
49,2,2,1,0,422
49,2,2,2,0,418
49,2,2,3,0,419
49,2,2,4,0,413
49,2,2,5,0,397
49,2,2,6,0,394
49,2,2,7,0,391
49,2,2,8,0,385
49,2,2,9,0,385
50,1,1,1,99,118384
50,1,1,2,108,117396
50,1,1,3,106,115754
50,1,1,4,90,115134
50,1,1,5,87,113886
50,1,1,6,109,112943
50,1,1,7,121,110765
50,1,1,8,97,109958
50,1,1,9,101,108650
50,1,2,1,12,19545
50,1,2,2,20,19636
50,1,2,3,21,19715
50,1,2,4,22,20013
50,1,2,5,17,20131
50,1,2,6,25,20274
50,1,2,7,18,20298
50,1,2,8,14,20397
50,1,2,9,23,20598
50,2,1,1,25,127472
50,2,1,2,27,126551
50,2,1,3,28,125022
50,2,1,4,34,124474
50,2,1,5,36,123085
50,2,1,6,45,121940
50,2,1,7,53,119430
50,2,1,8,44,118401
50,2,1,9,53,117032
50,2,2,1,6,22639
50,2,2,2,4,22807
50,2,2,3,8,22940
50,2,2,4,2,23160
50,2,2,5,7,23227
50,2,2,6,4,23348
50,2,2,7,8,23303
50,2,2,8,8,23495
50,2,2,9,10,23631
51,1,1,1,19,31816
51,1,1,2,31,31809
51,1,1,3,34,31679
51,1,1,4,23,31494
51,1,1,5,13,31389
51,1,1,6,22,31259
51,1,1,7,35,30784
51,1,1,8,32,30842
51,1,1,9,42,30724
51,1,2,1,1,1673
51,1,2,2,0,1646
51,1,2,3,0,1619
51,1,2,4,1,1569
51,1,2,5,0,1542
51,1,2,6,1,1499
51,1,2,7,0,1470
51,1,2,8,1,1450
51,1,2,9,2,1422
51,2,1,1,7,33246
51,2,1,2,5,33217
51,2,1,3,7,33066
51,2,1,4,13,32826
51,2,1,5,13,32676
51,2,1,6,17,32448
51,2,1,7,14,31892
51,2,1,8,6,31925
51,2,1,9,11,31784
51,2,2,1,0,922
51,2,2,2,0,905
51,2,2,3,0,878
51,2,2,4,0,845
51,2,2,5,0,829
51,2,2,6,0,803
51,2,2,7,1,760
51,2,2,8,1,757
51,2,2,9,0,739
52,1,1,1,30,55479
52,1,1,2,30,56185
52,1,1,3,21,56344
52,1,1,4,25,56381
52,1,1,5,26,56692
52,1,1,6,33,56874
52,1,1,7,25,56741
52,1,1,8,22,57536
52,1,1,9,31,57843
52,1,2,1,0,573
52,1,2,2,0,613
52,1,2,3,0,647
52,1,2,4,1,665
52,1,2,5,3,677
52,1,2,6,0,691
52,1,2,7,0,696
52,1,2,8,1,728
52,1,2,9,0,746
52,2,1,1,8,56299
52,2,1,2,10,56925
52,2,1,3,15,57057
52,2,1,4,8,57053
52,2,1,5,12,57257
52,2,1,6,12,57329
52,2,1,7,6,57183
52,2,1,8,17,57930
52,2,1,9,11,58264
52,2,2,1,0,613
52,2,2,2,0,649
52,2,2,3,0,669
52,2,2,4,0,662
52,2,2,5,0,679
52,2,2,6,0,679
52,2,2,7,0,694
52,2,2,8,0,710
52,2,2,9,0,729
53,1,1,1,10,11454
53,1,1,2,11,11531
53,1,1,3,10,11612
53,1,1,4,9,11599
53,1,1,5,11,11679
53,1,1,6,14,11807
53,1,1,7,10,11772
53,1,1,8,13,11826
53,1,1,9,11,11839
53,1,2,1,0,130
53,1,2,2,1,134
53,1,2,3,0,135
53,1,2,4,0,133
53,1,2,5,0,139
53,1,2,6,1,139
53,1,2,7,1,147
53,1,2,8,0,152
53,1,2,9,2,159
53,2,1,1,2,11810
53,2,1,2,2,11763
53,2,1,3,2,11797
53,2,1,4,0,11679
53,2,1,5,3,11664
53,2,1,6,2,11640
53,2,1,7,3,11595
53,2,1,8,6,11617
53,2,1,9,3,11636
53,2,2,1,0,135
53,2,2,2,0,133
53,2,2,3,0,132
53,2,2,4,0,134
53,2,2,5,0,134
53,2,2,6,0,146
53,2,2,7,1,145
53,2,2,8,0,151
53,2,2,9,0,157
54,1,1,1,10,18790
54,1,1,2,14,18850
54,1,1,3,12,18923
54,1,1,4,10,18845
54,1,1,5,5,18914
54,1,1,6,9,19039
54,1,1,7,10,18859
54,1,1,8,6,19034
54,1,1,9,9,19098
54,1,2,1,0,46
54,1,2,2,0,46
54,1,2,3,0,53
54,1,2,4,0,55
54,1,2,5,0,55
54,1,2,6,0,58
54,1,2,7,0,57
54,1,2,8,0,60
54,1,2,9,0,63
54,2,1,1,2,19331
54,2,1,2,1,19394
54,2,1,3,2,19520
54,2,1,4,4,19485
54,2,1,5,4,19537
54,2,1,6,6,19668
54,2,1,7,5,19469
54,2,1,8,6,19637
54,2,1,9,3,19684
54,2,2,1,0,59
54,2,2,2,0,62
54,2,2,3,0,60
54,2,2,4,0,62
54,2,2,5,0,64
54,2,2,6,0,66
54,2,2,7,0,65
54,2,2,8,0,71
54,2,2,9,0,70
55,1,1,1,37,42673
55,1,1,2,25,42854
55,1,1,3,35,42600
55,1,1,4,41,42128
55,1,1,5,27,42122
55,1,1,6,26,42116
55,1,1,7,36,42377
55,1,1,8,20,42564
55,1,1,9,28,42779
55,1,2,1,2,1010
55,1,2,2,1,1041
55,1,2,3,2,1076
55,1,2,4,3,1105
55,1,2,5,0,1168
55,1,2,6,0,1224
55,1,2,7,0,1269
55,1,2,8,1,1333
55,1,2,9,1,1387
55,2,1,1,9,45416
55,2,1,2,10,45446
55,2,1,3,12,45175
55,2,1,4,19,44673
55,2,1,5,12,44544
55,2,1,6,22,44510
55,2,1,7,11,44678
55,2,1,8,23,44920
55,2,1,9,13,45071
55,2,2,1,0,1069
55,2,2,2,1,1101
55,2,2,3,0,1133
55,2,2,4,0,1166
55,2,2,5,0,1213
55,2,2,6,0,1243
55,2,2,7,0,1307
55,2,2,8,0,1361
55,2,2,9,0,1407
56,1,1,1,3,8600
56,1,1,2,3,8538
56,1,1,3,6,8472
56,1,1,4,4,8377
56,1,1,5,5,8309
56,1,1,6,4,8223
56,1,1,7,2,7903
56,1,1,8,7,7763
56,1,1,9,8,7591
56,1,2,1,0,11
56,1,2,2,0,12
56,1,2,3,0,10
56,1,2,4,0,11
56,1,2,5,0,12
56,1,2,6,0,9
56,1,2,7,0,11
56,1,2,8,0,10
56,1,2,9,0,11
56,2,1,1,1,8663
56,2,1,2,4,8565
56,2,1,3,0,8503
56,2,1,4,3,8381
56,2,1,5,2,8294
56,2,1,6,2,8149
56,2,1,7,4,7791
56,2,1,8,1,7685
56,2,1,9,3,7503
56,2,2,1,0,13
56,2,2,2,0,12
56,2,2,3,0,15
56,2,2,4,0,15
56,2,2,5,0,13
56,2,2,6,0,16
56,2,2,7,0,12
56,2,2,8,0,13
56,2,2,9,0,12
57,1,1,1,203,227752
57,1,1,2,178,226839
57,1,1,3,183,224329
57,1,1,4,186,221576
57,1,1,5,195,221727
57,1,1,6,191,221263
57,1,1,7,211,221377
57,1,1,8,199,221535
57,1,1,9,187,221377
57,1,2,1,36,45868
57,1,2,2,46,46224
57,1,2,3,44,46653
57,1,2,4,35,47115
57,1,2,5,42,47777
57,1,2,6,40,48419
57,1,2,7,50,49267
57,1,2,8,42,50301
57,1,2,9,43,51310
57,2,1,1,62,243799
57,2,1,2,70,242998
57,2,1,3,87,240716
57,2,1,4,106,237988
57,2,1,5,80,238075
57,2,1,6,96,237603
57,2,1,7,98,237512
57,2,1,8,101,237456
57,2,1,9,94,237059
57,2,2,1,13,52804
57,2,2,2,12,53885
57,2,2,3,11,54697
57,2,2,4,18,55705
57,2,2,5,9,56859
57,2,2,6,14,57999
57,2,2,7,15,58957
57,2,2,8,19,60108
57,2,2,9,16,61181
58,1,1,1,7,6638
58,1,1,2,7,6665
58,1,1,3,3,6721
58,1,1,4,5,6694
58,1,1,5,2,6715
58,1,1,6,9,6727
58,1,1,7,6,6710
58,1,1,8,9,6757
58,1,1,9,5,6750
58,1,2,1,0,327
58,1,2,2,0,295
58,1,2,3,0,272
58,1,2,4,0,247
58,1,2,5,0,224
58,1,2,6,0,203
58,1,2,7,0,191
58,1,2,8,0,174
58,1,2,9,1,163
58,2,1,1,1,6935
58,2,1,2,1,6998
58,2,1,3,1,7046
58,2,1,4,1,7013
58,2,1,5,4,7049
58,2,1,6,1,7043
58,2,1,7,5,7006
58,2,1,8,4,7053
58,2,1,9,4,7058
58,2,2,1,0,290
58,2,2,2,0,262
58,2,2,3,0,239
58,2,2,4,1,215
58,2,2,5,0,197
58,2,2,6,1,179
58,2,2,7,0,165
58,2,2,8,0,150
58,2,2,9,1,138
59,1,1,1,15,13080
59,1,1,2,12,13297
59,1,1,3,5,13282
59,1,1,4,10,13216
59,1,1,5,7,13364
59,1,1,6,7,13528
59,1,1,7,6,13530
59,1,1,8,11,13686
59,1,1,9,8,13777
59,1,2,1,0,38
59,1,2,2,0,39
59,1,2,3,0,40
59,1,2,4,0,40
59,1,2,5,0,43
59,1,2,6,0,42
59,1,2,7,1,45
59,1,2,8,0,44
59,1,2,9,0,43
59,2,1,1,1,13251
59,2,1,2,4,13398
59,2,1,3,1,13330
59,2,1,4,3,13212
59,2,1,5,2,13294
59,2,1,6,5,13356
59,2,1,7,3,13354
59,2,1,8,3,13484
59,2,1,9,2,13597
59,2,2,1,0,50
59,2,2,2,0,53
59,2,2,3,0,54
59,2,2,4,0,54
59,2,2,5,0,55
59,2,2,6,0,56
59,2,2,7,0,58
59,2,2,8,0,62
59,2,2,9,0,61
60,1,1,1,38,38111
60,1,1,2,43,38328
60,1,1,3,33,38684
60,1,1,4,41,38382
60,1,1,5,40,38682
60,1,1,6,42,38597
60,1,1,7,25,38114
60,1,1,8,50,38278
60,1,1,9,32,38110
60,1,2,1,1,1827
60,1,2,2,4,1866
60,1,2,3,1,1892
60,1,2,4,5,1899
60,1,2,5,4,1933
60,1,2,6,4,1947
60,1,2,7,2,1933
60,1,2,8,4,1933
60,1,2,9,3,1947
60,2,1,1,15,41290
60,2,1,2,11,41573
60,2,1,3,10,41887
60,2,1,4,12,41588
60,2,1,5,18,41868
60,2,1,6,14,41805
60,2,1,7,18,41270
60,2,1,8,20,41385
60,2,1,9,28,41194
60,2,2,1,0,1987
60,2,2,2,1,1964
60,2,2,3,0,1954
60,2,2,4,1,1908
60,2,2,5,0,1893
60,2,2,6,0,1857
60,2,2,7,0,1852
60,2,2,8,1,1862
60,2,2,9,3,1864
61,1,1,1,2,5559
61,1,1,2,2,5542
61,1,1,3,4,5554
61,1,1,4,4,5516
61,1,1,5,8,5533
61,1,1,6,5,5633
61,1,1,7,5,5559
61,1,1,8,0,5580
61,1,1,9,3,5566
61,1,2,1,0,16
61,1,2,2,0,15
61,1,2,3,0,16
61,1,2,4,0,17
61,1,2,5,0,16
61,1,2,6,1,16
61,1,2,7,0,14
61,1,2,8,0,14
61,1,2,9,0,12
61,2,1,1,1,5686
61,2,1,2,0,5684
61,2,1,3,1,5692
61,2,1,4,1,5637
61,2,1,5,2,5665
61,2,1,6,3,5793
61,2,1,7,2,5688
61,2,1,8,2,5697
61,2,1,9,2,5686
61,2,2,1,0,12
61,2,2,2,0,12
61,2,2,3,0,12
61,2,2,4,0,11
61,2,2,5,0,12
61,2,2,6,0,12
61,2,2,7,0,11
61,2,2,8,0,10
61,2,2,9,0,12
62,1,1,1,11,19446
62,1,1,2,14,19506
62,1,1,3,13,19265
62,1,1,4,21,19196
62,1,1,5,22,19190
62,1,1,6,21,19195
62,1,1,7,11,19203
62,1,1,8,20,19160
62,1,1,9,16,19164
62,1,2,1,0,176
62,1,2,2,0,185
62,1,2,3,0,183
62,1,2,4,0,187
62,1,2,5,0,184
62,1,2,6,0,191
62,1,2,7,0,190
62,1,2,8,0,200
62,1,2,9,0,205
62,2,1,1,4,20143
62,2,1,2,7,20227
62,2,1,3,5,20126
62,2,1,4,5,20071
62,2,1,5,3,20062
62,2,1,6,7,20149
62,2,1,7,3,20095
62,2,1,8,6,20047
62,2,1,9,9,20063
62,2,2,1,0,190
62,2,2,2,0,194
62,2,2,3,0,200
62,2,2,4,0,201
62,2,2,5,0,205
62,2,2,6,0,208
62,2,2,7,0,212
62,2,2,8,0,215
62,2,2,9,1,221
63,1,1,1,9,10355
63,1,1,2,12,10297
63,1,1,3,7,10120
63,1,1,4,6,10071
63,1,1,5,9,10035
63,1,1,6,5,10048
63,1,1,7,9,9972
63,1,1,8,10,10107
63,1,1,9,5,10155
63,1,2,1,0,131
63,1,2,2,0,132
63,1,2,3,0,137
63,1,2,4,0,138
63,1,2,5,0,138
63,1,2,6,0,139
63,1,2,7,0,144
63,1,2,8,0,145
63,1,2,9,0,149
63,2,1,1,2,10556
63,2,1,2,3,10552
63,2,1,3,1,10467
63,2,1,4,3,10442
63,2,1,5,2,10397
63,2,1,6,1,10440
63,2,1,7,2,10389
63,2,1,8,4,10505
63,2,1,9,4,10516
63,2,2,1,0,149
63,2,2,2,0,156
63,2,2,3,0,155
63,2,2,4,0,155
63,2,2,5,0,157
63,2,2,6,0,160
63,2,2,7,0,158
63,2,2,8,0,163
63,2,2,9,0,164
64,1,1,1,17,15189
64,1,1,2,10,15373
64,1,1,3,19,15357
64,1,1,4,19,15193
64,1,1,5,20,15412
64,1,1,6,19,15496
64,1,1,7,20,15546
64,1,1,8,14,15659
64,1,1,9,11,15741
64,1,2,1,0,53
64,1,2,2,0,49
64,1,2,3,0,45
64,1,2,4,0,41
64,1,2,5,0,36
64,1,2,6,0,34
64,1,2,7,0,32
64,1,2,8,0,33
64,1,2,9,0,30
64,2,1,1,4,15703
64,2,1,2,5,15915
64,2,1,3,6,15918
64,2,1,4,1,15749
64,2,1,5,3,15965
64,2,1,6,4,16003
64,2,1,7,5,15981
64,2,1,8,0,16125
64,2,1,9,3,16208
64,2,2,1,0,55
64,2,2,2,0,50
64,2,2,3,0,43
64,2,2,4,0,39
64,2,2,5,0,38
64,2,2,6,0,36
64,2,2,7,0,33
64,2,2,8,0,31
64,2,2,9,0,31
65,1,1,1,14,21291
65,1,1,2,8,21215
65,1,1,3,18,20910
65,1,1,4,14,20569
65,1,1,5,17,20692
65,1,1,6,17,21825
65,1,1,7,14,22139
65,1,1,8,15,22333
65,1,1,9,19,22734
65,1,2,1,0,362
65,1,2,2,0,367
65,1,2,3,0,374
65,1,2,4,1,376
65,1,2,5,0,384
65,1,2,6,0,409
65,1,2,7,1,422
65,1,2,8,1,434
65,1,2,9,0,452
65,2,1,1,9,21462
65,2,1,2,7,21439
65,2,1,3,5,21284
65,2,1,4,6,21018
65,2,1,5,7,21172
65,2,1,6,5,22315
65,2,1,7,8,22634
65,2,1,8,9,22853
65,2,1,9,8,23218
65,2,2,1,0,317
65,2,2,2,0,326
65,2,2,3,0,332
65,2,2,4,0,337
65,2,2,5,0,346
65,2,2,6,0,377
65,2,2,7,0,387
65,2,2,8,1,401
65,2,2,9,0,412
66,1,1,1,10,11212
66,1,1,2,7,11615
66,1,1,3,6,11940
66,1,1,4,14,12111
66,1,1,5,12,12251
66,1,1,6,6,12366
66,1,1,7,8,12137
66,1,1,8,11,12310
66,1,1,9,19,12358
66,1,2,1,0,154
66,1,2,2,0,151
66,1,2,3,0,156
66,1,2,4,0,155
66,1,2,5,0,158
66,1,2,6,0,161
66,1,2,7,0,154
66,1,2,8,0,153
66,1,2,9,1,157
66,2,1,1,4,11378
66,2,1,2,3,11761
66,2,1,3,4,12099
66,2,1,4,6,12195
66,2,1,5,5,12285
66,2,1,6,2,12385
66,2,1,7,3,12132
66,2,1,8,2,12295
66,2,1,9,3,12286
66,2,2,1,0,164
66,2,2,2,0,170
66,2,2,3,0,174
66,2,2,4,0,176
66,2,2,5,0,173
66,2,2,6,0,172
66,2,2,7,0,172
66,2,2,8,0,179
66,2,2,9,0,178
67,1,1,1,31,65067
67,1,1,2,31,65962
67,1,1,3,49,65941
67,1,1,4,39,65617
67,1,1,5,39,65600
67,1,1,6,40,65631
67,1,1,7,27,65972
67,1,1,8,42,66334
67,1,1,9,37,66572
67,1,2,1,0,2241
67,1,2,2,2,2331
67,1,2,3,0,2400
67,1,2,4,1,2413
67,1,2,5,0,2440
67,1,2,6,2,2468
67,1,2,7,1,2513
67,1,2,8,2,2549
67,1,2,9,1,2569
67,2,1,1,6,66196
67,2,1,2,16,66920
67,2,1,3,16,66635
67,2,1,4,15,66254
67,2,1,5,24,65977
67,2,1,6,14,65744
67,2,1,7,16,66108
67,2,1,8,18,66282
67,2,1,9,17,66495
67,2,2,1,0,2266
67,2,2,2,0,2319
67,2,2,3,1,2367
67,2,2,4,0,2351
67,2,2,5,2,2334
67,2,2,6,2,2329
67,2,2,7,0,2381
67,2,2,8,0,2400
67,2,2,9,0,2424
68,1,1,1,18,18625
68,1,1,2,10,18754
68,1,1,3,19,18735
68,1,1,4,20,18912
68,1,1,5,17,19393
68,1,1,6,16,19653
68,1,1,7,19,19462
68,1,1,8,9,19773
68,1,1,9,14,19810
68,1,2,1,0,102
68,1,2,2,0,105
68,1,2,3,0,108
68,1,2,4,1,114
68,1,2,5,0,118
68,1,2,6,0,121
68,1,2,7,0,129
68,1,2,8,0,131
68,1,2,9,0,138
68,2,1,1,6,19230
68,2,1,2,3,19111
68,2,1,3,2,18850
68,2,1,4,6,18854
68,2,1,5,4,19080
68,2,1,6,6,19067
68,2,1,7,7,18955
68,2,1,8,9,19110
68,2,1,9,4,19215
68,2,2,1,0,109
68,2,2,2,0,109
68,2,2,3,0,113
68,2,2,4,0,114
68,2,2,5,0,121
68,2,2,6,0,126
68,2,2,7,0,128
68,2,2,8,0,135
68,2,2,9,0,138
69,1,1,1,12,16380
69,1,1,2,10,16573
69,1,1,3,6,16519
69,1,1,4,10,16416
69,1,1,5,5,16596
69,1,1,6,8,16560
69,1,1,7,10,16546
69,1,1,8,12,16680
69,1,1,9,8,16754
69,1,2,1,0,30
69,1,2,2,0,26
69,1,2,3,0,24
69,1,2,4,0,23
69,1,2,5,0,21
69,1,2,6,0,19
69,1,2,7,0,16
69,1,2,8,0,15
69,1,2,9,0,16
69,2,1,1,1,16524
69,2,1,2,4,16694
69,2,1,3,3,16613
69,2,1,4,3,16593
69,2,1,5,5,16799
69,2,1,6,4,16745
69,2,1,7,6,16742
69,2,1,8,2,16838
69,2,1,9,3,16878
69,2,2,1,0,28
69,2,2,2,0,27
69,2,2,3,0,25
69,2,2,4,0,22
69,2,2,5,0,20
69,2,2,6,0,19
69,2,2,7,0,20
69,2,2,8,0,15
69,2,2,9,0,11
70,1,1,1,47,59297
70,1,1,2,41,59226
70,1,1,3,41,58549
70,1,1,4,38,57838
70,1,1,5,49,58273
70,1,1,6,34,58134
70,1,1,7,52,57486
70,1,1,8,46,57484
70,1,1,9,40,57235
70,1,2,1,4,5203
70,1,2,2,5,5293
70,1,2,3,4,5354
70,1,2,4,4,5358
70,1,2,5,4,5446
70,1,2,6,3,5493
70,1,2,7,7,5569
70,1,2,8,3,5623
70,1,2,9,2,5647
70,2,1,1,10,61539
70,2,1,2,18,61556
70,2,1,3,18,60983
70,2,1,4,17,60410
70,2,1,5,12,60906
70,2,1,6,13,60877
70,2,1,7,19,60085
70,2,1,8,29,60063
70,2,1,9,22,59779
70,2,2,1,1,4683
70,2,2,2,2,4701
70,2,2,3,0,4693
70,2,2,4,0,4658
70,2,2,5,1,4714
70,2,2,6,0,4724
70,2,2,7,1,4710
70,2,2,8,1,4767
70,2,2,9,3,4775
71,1,1,1,18,30736
71,1,1,2,24,31099
71,1,1,3,19,31147
71,1,1,4,24,31365
71,1,1,5,23,32074
71,1,1,6,21,32252
71,1,1,7,18,31908
71,1,1,8,27,32183
71,1,1,9,27,32214
71,1,2,1,1,2275
71,1,2,2,3,2354
71,1,2,3,2,2411
71,1,2,4,2,2488
71,1,2,5,0,2587
71,1,2,6,0,2613
71,1,2,7,0,2650
71,1,2,8,1,2696
71,1,2,9,0,2699
71,2,1,1,4,30542
71,2,1,2,6,30710
71,2,1,3,6,30704
71,2,1,4,8,30794
71,2,1,5,13,31302
71,2,1,6,8,31386
71,2,1,7,7,30924
71,2,1,8,8,31223
71,2,1,9,15,31217
71,2,2,1,0,1392
71,2,2,2,0,1407
71,2,2,3,1,1414
71,2,2,4,0,1422
71,2,2,5,0,1451
71,2,2,6,0,1463
71,2,2,7,0,1446
71,2,2,8,0,1464
71,2,2,9,0,1482
72,1,1,1,18,30197
72,1,1,2,13,30152
72,1,1,3,19,29950
72,1,1,4,15,29807
72,1,1,5,22,30161
72,1,1,6,21,30113
72,1,1,7,25,29984
72,1,1,8,14,30036
72,1,1,9,18,29937
72,1,2,1,1,728
72,1,2,2,0,725
72,1,2,3,0,741
72,1,2,4,0,761
72,1,2,5,1,783
72,1,2,6,0,785
72,1,2,7,0,791
72,1,2,8,1,797
72,1,2,9,1,818
72,2,1,1,8,31310
72,2,1,2,10,31088
72,2,1,3,7,30746
72,2,1,4,8,30418
72,2,1,5,2,30584
72,2,1,6,12,30337
72,2,1,7,7,30104
72,2,1,8,7,30096
72,2,1,9,13,30018
72,2,2,1,0,791
72,2,2,2,0,799
72,2,2,3,0,807
72,2,2,4,1,817
72,2,2,5,0,842
72,2,2,6,1,846
72,2,2,7,1,853
72,2,2,8,0,876
72,2,2,9,0,880
73,1,1,1,35,39211
73,1,1,2,30,39174
73,1,1,3,42,39189
73,1,1,4,31,39446
73,1,1,5,50,39219
73,1,1,6,43,38722
73,1,1,7,45,38009
73,1,1,8,38,38039
73,1,1,9,46,37676
73,1,2,1,3,1785
73,1,2,2,0,1876
73,1,2,3,1,1999
73,1,2,4,0,2010
73,1,2,5,0,1962
73,1,2,6,0,1911
73,1,2,7,0,1920
73,1,2,8,0,1924
73,1,2,9,1,1922
73,2,1,1,16,42372
73,2,1,2,8,42125
73,2,1,3,11,42154
73,2,1,4,12,42310
73,2,1,5,20,42123
73,2,1,6,13,41583
73,2,1,7,26,40793
73,2,1,8,18,40745
73,2,1,9,20,40321
73,2,2,1,0,876
73,2,2,2,0,893
73,2,2,3,2,925
73,2,2,4,1,957
73,2,2,5,0,971
73,2,2,6,0,981
73,2,2,7,0,954
73,2,2,8,2,955
73,2,2,9,0,944
74,1,1,1,23,29264
74,1,1,2,10,29009
74,1,1,3,23,28909
74,1,1,4,28,28857
74,1,1,5,28,28988
74,1,1,6,18,29158
74,1,1,7,28,28895
74,1,1,8,32,29092
74,1,1,9,30,29117
74,1,2,1,1,681
74,1,2,2,0,677
74,1,2,3,1,682
74,1,2,4,1,684
74,1,2,5,0,691
74,1,2,6,0,689
74,1,2,7,0,686
74,1,2,8,0,692
74,1,2,9,0,695
74,2,1,1,6,30943
74,2,1,2,7,30819
74,2,1,3,4,30772
74,2,1,4,7,30869
74,2,1,5,11,31007
74,2,1,6,7,31212
74,2,1,7,3,30924
74,2,1,8,8,31130
74,2,1,9,10,31114
74,2,2,1,0,702
74,2,2,2,0,701
74,2,2,3,0,701
74,2,2,4,0,699
74,2,2,5,0,718
74,2,2,6,0,713
74,2,2,7,0,702
74,2,2,8,1,709
74,2,2,9,0,712
75,1,1,1,13,20982
75,1,1,2,18,21219
75,1,1,3,16,21270
75,1,1,4,26,20977
75,1,1,5,16,21183
75,1,1,6,12,21361
75,1,1,7,13,21450
75,1,1,8,14,21574
75,1,1,9,16,21651
75,1,2,1,0,321
75,1,2,2,0,319
75,1,2,3,0,313
75,1,2,4,0,300
75,1,2,5,0,298
75,1,2,6,0,301
75,1,2,7,0,302
75,1,2,8,0,300
75,1,2,9,0,307
75,2,1,1,6,21440
75,2,1,2,3,21655
75,2,1,3,3,21635
75,2,1,4,4,21469
75,2,1,5,7,21634
75,2,1,6,10,21811
75,2,1,7,8,21787
75,2,1,8,2,21919
75,2,1,9,6,21986
75,2,2,1,0,291
75,2,2,2,0,288
75,2,2,3,0,284
75,2,2,4,0,274
75,2,2,5,0,277
75,2,2,6,0,280
75,2,2,7,0,280
75,2,2,8,0,283
75,2,2,9,0,295
76,1,1,1,127,169652
76,1,1,2,131,169500
76,1,1,3,124,168632
76,1,1,4,138,167216
76,1,1,5,139,166975
76,1,1,6,131,166075
76,1,1,7,139,164411
76,1,1,8,157,163781
76,1,1,9,133,162930
76,1,2,1,15,12169
76,1,2,2,8,12326
76,1,2,3,10,12579
76,1,2,4,16,12659
76,1,2,5,6,12803
76,1,2,6,8,12919
76,1,2,7,10,13022
76,1,2,8,6,13245
76,1,2,9,24,13429
76,2,1,1,52,182166
76,2,1,2,40,182378
76,2,1,3,49,182110
76,2,1,4,48,180877
76,2,1,5,51,180729
76,2,1,6,61,180038
76,2,1,7,61,178014
76,2,1,8,77,177335
76,2,1,9,64,176251
76,2,2,1,3,13647
76,2,2,2,4,14003
76,2,2,3,5,14331
76,2,2,4,4,14625
76,2,2,5,2,14895
76,2,2,6,5,15148
76,2,2,7,7,15239
76,2,2,8,4,15503
76,2,2,9,3,15716
77,1,1,1,178,222771
77,1,1,2,154,221067
77,1,1,3,164,218780
77,1,1,4,190,216252
77,1,1,5,191,214844
77,1,1,6,171,212313
77,1,1,7,163,211635
77,1,1,8,180,211620
77,1,1,9,192,210930
77,1,2,1,29,28015
77,1,2,2,16,28127
77,1,2,3,21,28406
77,1,2,4,22,28787
77,1,2,5,17,29061
77,1,2,6,22,29363
77,1,2,7,23,29836
77,1,2,8,28,30383
77,1,2,9,25,30889
77,2,1,1,64,239554
77,2,1,2,80,238603
77,2,1,3,84,237327
77,2,1,4,86,235564
77,2,1,5,86,234631
77,2,1,6,92,232911
77,2,1,7,96,232010
77,2,1,8,107,231601
77,2,1,9,110,230857
77,2,2,1,6,31887
77,2,2,2,3,32299
77,2,2,3,13,32650
77,2,2,4,12,33105
77,2,2,5,8,33585
77,2,2,6,7,34050
77,2,2,7,11,34514
77,2,2,8,8,35157
77,2,2,9,10,35704
78,1,1,1,83,109107
78,1,1,2,85,108801
78,1,1,3,78,107743
78,1,1,4,91,106146
78,1,1,5,77,105208
78,1,1,6,95,104398
78,1,1,7,85,102599
78,1,1,8,102,101762
78,1,1,9,99,100709
78,1,2,1,7,7433
78,1,2,2,2,7614
78,1,2,3,2,7807
78,1,2,4,4,7894
78,1,2,5,10,8026
78,1,2,6,7,8142
78,1,2,7,14,8148
78,1,2,8,4,8264
78,1,2,9,6,8357
78,2,1,1,22,116307
78,2,1,2,24,116362
78,2,1,3,27,115732
78,2,1,4,37,114485
78,2,1,5,25,113753
78,2,1,6,36,113255
78,2,1,7,40,111233
78,2,1,8,38,110325
78,2,1,9,40,109047
78,2,2,1,2,8268
78,2,2,2,1,8466
78,2,2,3,4,8659
78,2,2,4,1,8724
78,2,2,5,2,8848
78,2,2,6,1,8972
78,2,2,7,4,8979
78,2,2,8,2,9066
78,2,2,9,1,9137
79,1,1,1,28,40215
79,1,1,2,29,40482
79,1,1,3,40,40445
79,1,1,4,40,40353
79,1,1,5,29,40446
79,1,1,6,45,40417
79,1,1,7,35,39702
79,1,1,8,26,39795
79,1,1,9,32,39631
79,1,2,1,0,453
79,1,2,2,1,459
79,1,2,3,1,463
79,1,2,4,0,475
79,1,2,5,0,479
79,1,2,6,0,481
79,1,2,7,1,472
79,1,2,8,0,478
79,1,2,9,1,483
79,2,1,1,8,43334
79,2,1,2,10,43659
79,2,1,3,13,43875
79,2,1,4,17,43901
79,2,1,5,8,44067
79,2,1,6,13,44087
79,2,1,7,13,43371
79,2,1,8,11,43422
79,2,1,9,17,43256
79,2,2,1,0,474
79,2,2,2,0,485
79,2,2,3,0,497
79,2,2,4,0,508
79,2,2,5,0,514
79,2,2,6,0,519
79,2,2,7,0,503
79,2,2,8,1,507
79,2,2,9,1,507
80,1,1,1,10,13998
80,1,1,2,6,14065
80,1,1,3,6,14202
80,1,1,4,12,14075
80,1,1,5,10,14187
80,1,1,6,6,14293
80,1,1,7,9,14562
80,1,1,8,9,14751
80,1,1,9,5,14955
80,1,2,1,0,180
80,1,2,2,0,201
80,1,2,3,1,223
80,1,2,4,1,244
80,1,2,5,0,267
80,1,2,6,0,277
80,1,2,7,0,292
80,1,2,8,0,315
80,1,2,9,0,331
80,2,1,1,7,14813
80,2,1,2,3,14966
80,2,1,3,2,15179
80,2,1,4,1,15104
80,2,1,5,1,15288
80,2,1,6,4,15445
80,2,1,7,5,15744
80,2,1,8,3,15924
80,2,1,9,0,16112
80,2,2,1,0,537
80,2,2,2,0,611
80,2,2,3,0,699
80,2,2,4,0,744
80,2,2,5,0,800
80,2,2,6,0,862
80,2,2,7,0,920
80,2,2,8,0,977
80,2,2,9,1,1038
81,1,1,1,10,14664
81,1,1,2,11,14649
81,1,1,3,14,14519
81,1,1,4,10,14451
81,1,1,5,8,14600
81,1,1,6,8,14664
81,1,1,7,11,14447
81,1,1,8,16,14507
81,1,1,9,6,14475
81,1,2,1,0,114
81,1,2,2,0,103
81,1,2,3,0,97
81,1,2,4,0,94
81,1,2,5,0,92
81,1,2,6,0,86
81,1,2,7,0,87
81,1,2,8,0,86
81,1,2,9,0,88
81,2,1,1,3,15452
81,2,1,2,1,15366
81,2,1,3,3,15240
81,2,1,4,3,15066
81,2,1,5,9,15117
81,2,1,6,5,15148
81,2,1,7,4,14894
81,2,1,8,1,14945
81,2,1,9,4,14905
81,2,2,1,0,91
81,2,2,2,0,93
81,2,2,3,0,93
81,2,2,4,0,88
81,2,2,5,0,91
81,2,2,6,0,97
81,2,2,7,0,93
81,2,2,8,0,96
81,2,2,9,0,98
82,1,1,1,4,5657
82,1,1,2,5,5617
82,1,1,3,6,5617
82,1,1,4,10,5676
82,1,1,5,3,5792
82,1,1,6,6,5754
82,1,1,7,4,5803
82,1,1,8,7,5803
82,1,1,9,2,5795
82,1,2,1,0,10
82,1,2,2,0,11
82,1,2,3,0,11
82,1,2,4,0,13
82,1,2,5,0,14
82,1,2,6,0,16
82,1,2,7,0,16
82,1,2,8,0,16
82,1,2,9,0,15
82,2,1,1,1,5821
82,2,1,2,2,5735
82,2,1,3,1,5684
82,2,1,4,3,5673
82,2,1,5,0,5725
82,2,1,6,0,5645
82,2,1,7,3,5672
82,2,1,8,2,5658
82,2,1,9,2,5662
82,2,2,1,0,14
82,2,2,2,0,17
82,2,2,3,0,19
82,2,2,4,0,21
82,2,2,5,0,21
82,2,2,6,0,20
82,2,2,7,0,20
82,2,2,8,0,20
82,2,2,9,0,21
83,1,1,1,28,48781
83,1,1,2,26,49221
83,1,1,3,30,49389
83,1,1,4,29,49217
83,1,1,5,27,49748
83,1,1,6,34,50122
83,1,1,7,25,51065
83,1,1,8,41,52337
83,1,1,9,42,53238
83,1,2,1,0,1399
83,1,2,2,0,1443
83,1,2,3,0,1490
83,1,2,4,0,1462
83,1,2,5,0,1491
83,1,2,6,0,1487
83,1,2,7,0,1447
83,1,2,8,1,1478
83,1,2,9,0,1477
83,2,1,1,5,48442
83,2,1,2,11,49038
83,2,1,3,10,49394
83,2,1,4,13,49456
83,2,1,5,15,50030
83,2,1,6,21,50490
83,2,1,7,15,51604
83,2,1,8,14,52850
83,2,1,9,16,53768
83,2,2,1,0,574
83,2,2,2,0,595
83,2,2,3,0,623
83,2,2,4,0,627
83,2,2,5,0,646
83,2,2,6,0,672
83,2,2,7,0,701
83,2,2,8,0,727
83,2,2,9,1,749
84,1,1,1,14,30772
84,1,1,2,25,30904
84,1,1,3,20,31012
84,1,1,4,22,31145
84,1,1,5,28,31123
84,1,1,6,20,31055
84,1,1,7,29,30762
84,1,1,8,29,30774
84,1,1,9,29,30677
84,1,2,1,0,507
84,1,2,2,1,509
84,1,2,3,1,508
84,1,2,4,0,499
84,1,2,5,0,486
84,1,2,6,0,472
84,1,2,7,1,456
84,1,2,8,0,455
84,1,2,9,1,442
84,2,1,1,11,32249
84,2,1,2,8,32378
84,2,1,3,9,32418
84,2,1,4,10,32551
84,2,1,5,11,32455
84,2,1,6,7,32336
84,2,1,7,10,31977
84,2,1,8,11,32001
84,2,1,9,9,31872
84,2,2,1,1,536
84,2,2,2,0,529
84,2,2,3,0,524
84,2,2,4,0,515
84,2,2,5,0,495
84,2,2,6,0,488
84,2,2,7,0,477
84,2,2,8,0,464
84,2,2,9,1,455
85,1,1,1,21,47121
85,1,1,2,20,47484
85,1,1,3,21,47858
85,1,1,4,18,47837
85,1,1,5,21,48194
85,1,1,6,34,48653
85,1,1,7,20,48743
85,1,1,8,31,49281
85,1,1,9,20,49625
85,1,2,1,0,781
85,1,2,2,0,788
85,1,2,3,1,800
85,1,2,4,0,782
85,1,2,5,0,782
85,1,2,6,0,785
85,1,2,7,1,780
85,1,2,8,1,802
85,1,2,9,0,809
85,2,1,1,6,48458
85,2,1,2,8,48896
85,2,1,3,8,49230
85,2,1,4,12,49296
85,2,1,5,10,49517
85,2,1,6,12,49871
85,2,1,7,17,49921
85,2,1,8,13,50451
85,2,1,9,12,50740
85,2,2,1,0,819
85,2,2,2,0,829
85,2,2,3,0,832
85,2,2,4,0,831
85,2,2,5,0,825
85,2,2,6,0,833
85,2,2,7,0,838
85,2,2,8,0,849
85,2,2,9,0,853
86,1,1,1,13,17884
86,1,1,2,17,17885
86,1,1,3,9,17646
86,1,1,4,12,17543
86,1,1,5,13,17766
86,1,1,6,13,17861
86,1,1,7,6,17601
86,1,1,8,13,17787
86,1,1,9,10,17822
86,1,2,1,0,47
86,1,2,2,0,49
86,1,2,3,0,51
86,1,2,4,0,50
86,1,2,5,0,58
86,1,2,6,1,56
86,1,2,7,0,53
86,1,2,8,0,56
86,1,2,9,0,61
86,2,1,1,4,18281
86,2,1,2,6,18359
86,2,1,3,1,18247
86,2,1,4,1,18174
86,2,1,5,4,18358
86,2,1,6,3,18575
86,2,1,7,7,18294
86,2,1,8,9,18497
86,2,1,9,7,18506
86,2,2,1,0,84
86,2,2,2,0,87
86,2,2,3,0,92
86,2,2,4,0,92
86,2,2,5,0,96
86,2,2,6,0,102
86,2,2,7,0,102
86,2,2,8,0,108
86,2,2,9,0,110
87,1,1,1,22,50892
87,1,1,2,22,51584
87,1,1,3,21,51573
87,1,1,4,33,51055
87,1,1,5,25,51297
87,1,1,6,38,51746
87,1,1,7,27,51660
87,1,1,8,34,51911
87,1,1,9,20,52032
87,1,2,1,0,952
87,1,2,2,0,997
87,1,2,3,1,1036
87,1,2,4,0,1040
87,1,2,5,1,1074
87,1,2,6,0,1110
87,1,2,7,0,1128
87,1,2,8,0,1167
87,1,2,9,0,1185
87,2,1,1,10,54428
87,2,1,2,8,55201
87,2,1,3,8,55306
87,2,1,4,11,54691
87,2,1,5,11,54992
87,2,1,6,17,55462
87,2,1,7,13,55389
87,2,1,8,11,55543
87,2,1,9,10,55618
87,2,2,1,0,1073
87,2,2,2,0,1108
87,2,2,3,0,1130
87,2,2,4,0,1121
87,2,2,5,0,1134
87,2,2,6,0,1163
87,2,2,7,0,1178
87,2,2,8,0,1200
87,2,2,9,0,1230
88,1,1,1,6,10868
88,1,1,2,7,10860
88,1,1,3,3,10808
88,1,1,4,8,10730
88,1,1,5,11,10827
88,1,1,6,8,10830
88,1,1,7,8,10586
88,1,1,8,16,10650
88,1,1,9,11,10616
88,1,2,1,0,32
88,1,2,2,0,32
88,1,2,3,0,34
88,1,2,4,0,31
88,1,2,5,0,33
88,1,2,6,0,33
88,1,2,7,0,27
88,1,2,8,0,27
88,1,2,9,0,27
88,2,1,1,1,11679
88,2,1,2,4,11654
88,2,1,3,2,11616
88,2,1,4,2,11603
88,2,1,5,5,11692
88,2,1,6,2,11749
88,2,1,7,3,11495
88,2,1,8,5,11504
88,2,1,9,5,11474
88,2,2,1,0,39
88,2,2,2,0,35
88,2,2,3,0,32
88,2,2,4,0,32
88,2,2,5,0,32
88,2,2,6,0,33
88,2,2,7,0,29
88,2,2,8,0,33
88,2,2,9,0,30
