date,dow,holiday,temp,humid,death,TSP
1,2,1,5.6,30,45,109.56
2,3,0,4.1,26,32,152.68
3,4,0,4.6,29.7,37,162.16
4,5,0,2.9,32.7,33,197.52
5,6,0,2.2,71.3,36,234.59
6,7,0,0.7,80.7,45,167.34
7,1,0,-0.6,82,46,216.49
8,2,0,-0.5,82.7,38,236.1
9,3,0,0.2,79.3,29,251.85
10,4,0,1.7,69.3,39,269.95
11,5,0,2.7,49.7,36,278.65
12,6,0,0.8,62.3,35,286.65
13,7,0,1.7,72,34,290.53
14,1,0,0.6,64.3,48,293.57
15,2,0,0.5,84,36,282.07
16,3,0,3.8,80.7,43,278.7
17,4,0,5.6,64,39,286.93
18,5,0,4.9,54.7,48,290.27
19,6,0,5.8,71,40,292.75
20,7,0,6.4,64,48,250.98
21,1,0,5,77.7,51,333.76
22,2,0,3,82.7,43,180.27
23,3,0,4.4,82.3,38,219.07
24,4,0,6,83,47,304.44
25,5,0,5.5,86.3,32,450.17
26,6,0,5.5,72.3,38,353.59
27,7,0,3.6,64.3,46,177.68
28,1,0,4.7,39.3,37,269.95
29,2,0,5.3,55.3,41,269.95
30,3,0,6,59.3,39,286.33
31,4,0,4.4,83.3,38,219.94
32,5,0,4.6,77.3,33,128.53
33,6,0,6.6,45,35,202.69
34,7,0,8.1,55.7,44,175.96
35,1,0,9.2,52,35,231.15
36,2,0,7.3,75,53,306.16
37,3,0,5.2,77.7,40,319.1
38,4,0,5.4,85.7,33,289.72
39,5,0,5.9,82.7,47,291.51
40,6,0,5.3,84.3,27,282.02
41,7,0,5.5,84,46,232.01
42,1,0,5.5,79.7,43,339.79
43,2,0,5.4,73,34,324.27
44,3,0,4.7,68,38,318.24
45,4,0,5.9,65.7,29,300.18
46,5,0,6.7,62.3,36,287.52
47,6,0,7.6,52.3,43,256.15
48,7,0,8.2,58,37,252.7
49,1,0,7.5,62.7,58,311.34
50,2,0,5.8,44.7,36,154.4
51,3,0,6.4,41,43,198.38
52,4,0,5.9,48,47,238.04
53,5,0,6.5,46,37,312.2
54,6,0,7.1,43.3,44,344.97
55,7,0,7.4,43.7,42,305.19
56,1,0,8.6,46.7,36,279.13
57,2,0,10.1,40,46,255.96
58,3,0,9.7,36.3,56,236.24
59,4,0,8.5,41.7,40,189.7
60,5,0,8.5,46.3,44,253
61,6,0,8.3,49.3,51,211.5
62,7,0,9.9,60.3,48,208.67
63,1,0,11.8,53,49,161.66
64,2,0,7.6,47.7,46,121.99
65,3,0,7,45.7,41,110.78
66,4,0,7.4,61.7,43,144.71
67,5,0,5.4,76.7,59,166.52
68,6,0,7,68.3,32,200
69,7,0,8.5,50.7,45,185
70,1,0,12.4,15.3,44,203
71,2,0,9.7,52.3,43,149
72,3,0,10.5,41,44,155.62
73,4,0,7.8,73,47,113.37
74,5,0,6.7,81,36,64.22
75,6,0,6.1,80,41,53.87
76,7,0,7,76.3,44,96.99
77,1,0,9.6,54,49,127.17
78,2,0,10.3,39.8,38,158.21
79,3,0,10.9,51.3,34,159.07
80,4,0,7.9,86.7,51,145
81,5,0,10.1,62,49,102.16
82,6,0,9.4,71,31,91.81
83,7,0,8.3,73.7,38,56.46
84,1,0,9.9,74.7,31,110
85,2,0,9.2,79.7,34,148.5
86,3,0,9.8,69,37,89.23
87,4,0,10.5,72.7,42,151.5
88,5,0,12.4,65,36,149.59
89,6,0,13.5,73.3,39,202.5
90,7,0,14.3,33.7,38,123.72
91,1,0,13.8,38.7,28,81.47
92,2,0,15.2,43,50,144
93,3,0,16,40.3,40,190.11
94,4,0,13.5,11.3,41,63.36
95,5,0,12.1,21,45,78.02
96,6,0,11.2,24.3,39,69.33
97,7,1,9.4,39.3,28,96.6
98,1,1,11.7,28,36,91.98
99,2,0,12.2,30.7,46,94.87
100,3,0,11.4,30.7,28,97.5
101,4,0,12.3,9.3,33,77.15
102,5,0,13,19.3,31,99.57
103,6,0,13,29.7,31,106
104,7,0,13.3,30.7,39,80.6
105,1,0,14,34,50,180.5
106,2,0,13.3,47.3,42,137.51
107,3,0,12.9,65.7,33,147
108,4,0,14.2,57.3,39,224
109,5,0,16.7,46.3,26,213
110,6,0,15.6,52.7,35,202.12
111,7,0,12.8,34.3,31,164.8
112,1,0,11.3,24.3,34,120.89
113,2,0,12.9,10,29,67.27
114,3,0,12.9,11.3,27,159.24
115,4,0,14.8,24.7,28,111.8
116,5,1,15.3,28.7,34,92.34
117,6,0,12.2,60.7,43,160.15
118,7,0,11.3,58,37,147.29
119,1,0,11.5,44.7,37,221.28
120,2,0,13.8,38.7,30,182.78
121,3,0,14.4,43.7,31,159.47
122,4,1,16.8,41,21,142.11
123,5,0,17.4,44.3,26,166.54
124,6,0,17.7,54.7,29,189.35
125,7,0,14,90.3,31,144.97
126,1,0,13.3,83.3,42,186.61
127,2,0,14.9,75,34,208.51
128,3,0,16.5,67.3,35,133.69
129,4,0,15.7,74.7,36,125.01
130,5,0,16.1,51.3,32,119.99
131,6,0,18.6,43,34,115.48
132,7,0,18.2,50.3,31,114.01
133,1,0,19.8,41.7,53,112
134,2,0,18.6,35.3,25,102.92
135,3,0,13.5,57.3,38,107.73
136,4,0,11.8,63,35,117.27
137,5,0,11,61.7,36,113
138,6,0,11.9,59,32,112.09
139,7,0,14.9,50.3,36,107.99
140,1,0,16.7,45.7,27,105.98
141,2,0,18.2,42.3,33,103.84
142,3,0,18.8,41.7,32,152.85
143,4,0,18.1,45,30,177.49
144,5,0,15.9,64.3,29,156.5
145,6,0,17.9,51.7,25,203.03
146,7,0,18.1,48,29,76.21
147,1,0,18.8,48.3,35,82.06
148,2,0,15.2,89.7,34,203.03
149,3,0,14.8,76,24,162.35
150,4,0,15.3,67.3,28,139.77
151,5,0,15.8,50.3,39,78.02
152,6,0,17.3,38.3,28,103.02
153,7,0,18.5,34.3,34,93.32
154,1,0,20.1,19.3,30,84.7
155,2,0,22.3,25.3,43,58.28
156,3,0,22.2,35,35,61.32
157,4,0,24.2,32.3,29,189.08
158,5,0,24.4,48.3,45,157.49
159,6,0,21.1,63,44,136.78
160,7,0,16.5,88,53,107.15
161,1,0,15.5,89,26,88.6
162,2,0,17.1,77,40,58.83
163,3,0,19.5,60,23,61.42
164,4,0,21.6,54.3,33,73.5
165,5,0,24.8,55.3,36,76.94
166,6,0,26.3,56.7,34,90.73
167,7,0,23.6,56.7,24,71.76
168,1,0,23.4,46,36,69.18
169,2,0,19.6,70,27,66.59
170,3,0,21.2,59,22,51.93
171,4,0,22.4,55.7,27,65.73
172,5,0,23,54,28,58.83
173,6,0,21.7,60,32,50.21
174,7,0,20.2,56,29,41.58
175,1,0,19.2,65,30,34.69
176,2,0,18.5,57.7,33,62.28
177,3,0,19,60.7,27,45.9
178,4,0,18.4,62.7,29,54.52
179,5,0,21.3,33.3,39,59.69
180,6,0,21.4,38.3,27,48.48
181,7,0,21.2,58,32,49.34
182,1,0,21.2,55.7,29,39
183,2,0,20,63.7,24,38.13
184,3,0,22.6,33.3,23,65.73
185,4,0,22.4,28,36,41.28
186,5,0,24,27,34,32.73
187,6,0,22.5,46,30,52.94
188,7,0,21.5,61.7,28,70.34
189,1,0,21.8,62,29,46.75
190,2,0,21,70.3,33,125.22
191,3,0,19.4,76,30,108.08
192,4,0,21.1,45,23,99.33
193,5,0,20.7,54,35,96.23
194,6,0,22.2,50,26,94.56
195,7,0,21.9,51.3,28,94.15
196,1,0,21.3,67.3,23,97.26
197,2,0,21.6,62.7,30,99.6
198,3,0,21.7,70.3,26,100.97
199,4,0,21.4,62,32,102.06
200,5,0,23.3,53,21,102.3
201,6,0,24.5,51.7,17,103.32
202,7,0,22.2,65.7,22,116.09
203,1,0,21.3,41.7,35,104.28
204,2,0,23.7,28,21,15.5
205,3,0,24.5,39.3,29,39.62
206,4,0,26.2,49.7,27,64.5
207,5,0,27.3,50.7,46,27.79
208,6,0,27.3,54,22,124.31
209,7,0,26.4,48,30,114.74
210,1,0,27.4,50.7,36,38.5
211,2,0,26.8,45.3,35,30.37
212,3,0,25.9,53,30,26.93
213,4,0,27.2,55,27,44.5
214,5,0,28.3,52.7,38,105.15
215,6,0,28.8,54,38,101.5
216,7,0,29.5,54.3,51,52.23
217,1,0,29.9,46,37,40.37
218,2,0,29.7,48.7,39,96.02
219,3,0,29.6,52.7,42,96.93
220,4,0,29,56,57,69.56
221,5,0,23.7,71.3,44,94.2
222,6,0,24,54.7,36,85.07
223,7,0,26.5,50.3,25,91.75
224,1,0,26.5,60.3,27,75.04
225,2,0,27,64.7,32,87.89
226,3,0,25.4,49.3,26,28.51
227,4,0,24.6,51.7,21,33.07
228,5,1,25.5,47.7,25,76.86
229,6,0,21,78,22,53.14
230,7,0,24,59,25,65.91
231,1,0,25.3,59.7,21,86.9
232,2,0,25.1,57,29,62.26
233,3,0,26.5,59.3,19,68.5
234,4,0,26.2,59,29,93
235,5,0,25.9,58.7,23,77.5
236,6,0,24,57.8,25,98
237,7,0,20.2,59.7,24,58.5
238,1,0,20.5,50.7,28,79
239,2,0,21.2,58,22,85
240,3,0,20.9,74.3,33,112
241,4,0,20.7,81,25,90
242,5,0,23.7,66,32,100
243,6,0,24.6,65,27,143.5
244,7,0,23.4,56,23,61.5
245,1,0,22.9,35.7,20,70
246,2,0,21.3,45.3,28,85.86
247,3,0,21.2,53,26,153.5
248,4,0,21.7,56.3,28,136
249,5,0,21.1,59,34,170.5
250,6,0,21.5,65,32,136
251,7,0,22.3,60,29,102.5
252,1,0,21.9,58.3,25,113.5
253,2,0,21.8,64.3,25,145.02
254,3,0,19.9,73.3,31,138.24
255,4,0,20.1,64.3,25,95.87
256,5,0,20.8,65,25,160
257,6,0,22,66.3,37,119.5
258,7,0,21.9,63.7,24,117
259,1,0,21.3,65,20,138.99
260,2,0,21.9,73.7,42,142
261,3,0,22.3,70.3,34,250
262,4,0,22.3,70.7,28,203
263,5,0,22.6,63,26,132.5
264,6,0,22.8,75.3,22,161.5
265,7,0,22.2,74,33,180
266,1,0,21.3,73.7,31,194.5
267,2,0,21.6,72.7,26,142.5
268,3,0,22.5,60,32,212
269,4,0,21.8,68.3,32,151
270,5,0,22.1,62,25,210.56
271,6,0,20.7,69.3,30,145.89
272,7,0,20.6,71,43,123.47
273,1,0,20.2,71.3,30,171.75
274,2,0,20.1,74,35,163.96
275,3,0,20,64,35,246
276,4,0,19.1,69,37,268
277,5,0,19.5,66.7,28,263.5
278,6,0,19.4,67.7,39,289.5
279,7,0,19.6,67.7,26,195.04
280,1,0,19.5,70.7,29,134
281,2,0,19.4,76.7,35,161
282,3,0,18.4,80.3,29,146
283,4,0,13.6,70,23,76
284,5,0,12.4,57,24,74
285,6,0,10.2,78,33,58.5
286,7,0,11.4,76,39,65
287,1,0,12.6,65,39,97.5
288,2,0,13.5,71,30,115.5
289,3,0,12.3,82.3,36,80
290,4,0,12.8,94.3,45,98
291,5,0,16,73.3,27,62.5
292,6,0,11.9,86,42,54
293,7,0,11.8,81.3,35,63
294,1,0,12.8,58.3,36,137.5
295,2,0,12.3,65.7,30,120
296,3,0,11.8,68.3,41,205.38
297,4,0,12.2,78,40,223.49
298,5,0,12.7,82.3,27,254.53
299,6,0,11.8,66.3,32,231.68
300,7,0,13.3,55.7,35,70.5
301,1,0,12.9,65,31,136.4
302,2,0,13.2,65,47,232
303,3,0,13,62.3,50,215.8
304,4,0,11.3,79.3,42,221
305,5,0,11.7,67,32,197.5
306,6,1,9.1,60.3,37,193.55
307,7,0,4.9,41.7,28,190.13
308,1,0,2.7,57.7,34,118.5
309,2,0,2.5,82,35,132
310,3,0,3.9,87.3,39,168
311,4,0,7.9,89.3,44,123.5
312,5,0,10.9,65.3,46,167
313,6,0,10.5,78.7,42,236
314,7,0,8.6,87.7,29,207.57
315,1,0,10.4,82.7,32,184.5
316,2,0,7.3,66,36,99.32
317,3,0,4.6,72.7,27,116.57
318,4,0,6.2,73.3,41,150.2
319,5,0,7.8,69,40,245.5
320,6,0,8.1,67.3,33,240
321,7,0,10.7,71,38,184.5
322,1,0,10.2,69,32,228
323,2,0,9.3,88,40,176
324,3,0,9.1,78.3,34,228
325,4,0,7.8,86,56,180.38
326,5,0,6.7,87.3,35,173.5
327,6,0,6.3,90.3,37,169.5
328,7,0,5.5,84.7,34,136.4
329,1,0,5.4,85,37,233.84
330,2,0,6.9,87.3,39,193.5
331,3,0,6.9,85.7,29,122.5
332,4,0,7.9,83.7,33,107.95
333,5,0,7,73.3,38,113
334,6,0,6,54,39,113
335,7,0,7.6,16.7,44,86.5
336,1,0,5.2,64.3,32,124.22
337,2,0,4.1,53.7,42,168
338,3,0,2.5,83.3,42,128
339,4,0,5,22.7,43,124.5
340,5,0,5.4,29.7,31,167
341,6,0,4.6,49.7,32,195.5
342,7,0,5.2,16,35,119.5
343,1,1,2.6,34,43,119
344,2,0,1.5,41,35,226.83
345,3,0,2.6,48.3,45,324
346,4,0,5.8,58.7,26,298
347,5,0,2.2,60,40,112.5
348,6,0,4.2,69,37,440.5
349,7,0,4,73.3,29,300.5
350,1,0,3.8,88.7,42,199
351,2,0,6.2,81,36,182.5
352,3,0,7,70.3,40,190.62
353,4,0,4.5,73.3,36,268.5
354,5,0,3.5,75,36,263.05
355,6,0,4.1,56.7,33,177
356,7,0,4.6,58.3,43,227
357,1,0,9.9,21.3,29,74.21
358,2,0,7.3,37,27,200.5
359,3,0,7.1,54.3,44,297
360,4,1,6.8,57,46,389.5
361,5,1,6.5,47.3,39,326.05
362,6,0,3.5,75.7,39,169.92
363,7,0,4.9,41,30,190
364,1,0,4.2,43.7,37,199
365,2,0,3.7,46,52,244
366,3,0,5.2,43.7,46,255
367,4,1,8.4,39.7,41,148.5
368,5,0,9.5,36.3,38,155.5
369,6,0,8.2,45,36,164
370,7,0,7.1,66.7,44,173
371,1,0,7.7,18,34,94.5
372,2,0,4.7,36.7,40,84.5
373,3,0,4.4,34.7,39,73.71
374,4,0,1.9,37.7,40,76.3
375,5,0,0,20.3,36,80.18
376,6,0,0.3,45.3,48,150
377,7,0,2.9,37.3,43,182.5
378,1,0,2.6,46.3,35,294.45
379,2,0,0.9,84.3,40,165.11
380,3,0,2.7,56.7,42,251.34
381,4,0,3.7,59,42,227.19
382,5,0,6,28.3,43,88.5
383,6,0,4.1,40,42,158.5
384,7,0,3.7,47.3,37,133
385,1,0,5.9,44.7,44,196.5
386,2,0,4.6,56.7,53,162.5
387,3,0,7.8,21,49,77.5
388,4,0,4.9,37.7,43,198.5
389,5,0,3.9,45.7,39,188.39
390,6,0,3.7,48,47,218.57
391,7,0,3.9,52,38,220.3
392,1,0,3.8,51.7,44,333.26
393,2,0,4.3,50.7,37,303.08
394,3,0,2.5,64.7,46,273
395,4,0,3.3,51.7,44,237.54
396,5,0,4.8,38,46,328.94
397,6,0,6.3,35.3,53,370
398,7,0,0.7,35.7,41,300.83
399,1,0,8.9,31.7,45,256
400,2,0,8.6,36.7,46,293
401,3,0,7.6,75.3,53,246
402,4,0,6.8,17,34,181.17
403,5,0,6.7,38,37,85.78
404,6,0,7.2,40,33,151.31
405,7,0,8.4,49.3,46,266
406,1,0,7.6,64,37,282.38
407,2,0,6.9,89.7,46,362.5
408,3,0,4.8,76.3,49,158.21
409,4,0,4.4,61.3,36,105.61
410,5,0,3.7,52,47,103.03
411,6,0,2.9,55.3,29,115.96
412,7,0,3.2,54.7,46,98.71
413,1,0,3.6,61.7,42,127.49
414,2,0,2.9,53.7,37,144.34
415,3,0,3.1,51.3,53,96.99
416,4,0,3.1,56,33,117.69
417,5,0,2.7,59.7,48,151.31
418,6,0,2.5,66.7,30,99.58
419,7,0,4.5,60.3,43,100.44
420,1,0,6.5,59,44,134.07
421,2,0,6.6,57,43,131.48
422,3,0,6.9,57.3,37,107.34
423,4,0,7.1,45.7,38,85.78
424,5,0,4.5,42.3,50,90.09
425,6,0,3.2,51,28,73.71
426,7,0,3.8,57.7,45,53.37
427,1,0,5,63,47,79.24
428,2,0,6.2,65.7,39,105.11
429,3,0,6.4,64.3,37,120.63
430,4,0,9.4,65,37,94.76
431,5,0,8.9,75.7,34,96.48
432,6,0,10.6,69,37,93.04
433,7,0,10.8,69.3,39,116.32
434,1,0,12.7,63.7,36,81.83
435,2,0,14.5,66.3,30,42.16
436,3,0,14.4,68.7,41,43.02
437,4,0,14,74,36,55.96
438,5,0,14,57,43,96.48
439,6,0,11.7,65,43,73.2
440,7,0,10.7,79.3,47,84.12
441,1,0,11.7,49.7,43,95.61
442,2,0,8.9,79.3,50,30.09
443,3,0,6.8,55.3,36,11.98
444,4,0,12,31.7,34,62.86
445,5,0,12.6,49.7,33,69.75
446,6,0,14,56.3,33,49.06
447,7,0,13.5,69.7,39,26.64
448,1,0,14.2,61.7,38,59.41
449,2,0,14.8,57.3,36,80.45
450,3,0,16.3,63.3,33,96.48
451,4,0,15.6,78,35,96.8
452,5,0,14.6,70.3,40,96.48
453,6,0,16.3,64.3,38,105.11
454,7,0,14.1,77,29,74.07
455,1,0,13.2,85.7,30,45.61
456,2,0,14.2,82,26,59
457,3,0,14.9,76.7,32,72.35
458,4,0,15.8,67.3,35,85.16
459,5,0,16.8,66,23,92.79
460,6,0,14.7,53.3,33,94.98
461,7,0,13.4,63.7,31,98.02
462,1,0,13.4,76,30,94.25
463,2,0,17,61.3,31,154.5
464,3,0,19,53,49,108.5
465,4,0,19.7,47.7,31,97
466,5,0,19.1,57.3,36,48.2
467,6,0,18.8,57.3,35,45.61
468,7,0,17.6,43,31,48
469,1,0,19.6,44.3,30,116.5
470,2,0,20.5,40.7,34,127.5
471,3,0,20.4,35.7,34,30.95
472,4,0,19.9,37.7,33,102.7
473,5,0,11,66,48,131.9
474,6,0,10.3,40.7,27,94.49
475,7,1,10.9,44.7,33,89.93
476,1,1,5.9,81.7,24,86.67
477,2,0,10.8,71,29,87.82
478,3,0,13.6,62.7,26,136.46
479,4,0,13.4,68.3,29,103.5
480,5,0,10.9,86,34,112.74
481,6,1,11.2,86,35,97.23
482,7,0,11.4,88.7,28,89.02
483,1,0,9.8,66.3,32,62.56
484,2,0,13.6,45.3,43,105.44
485,3,0,14.6,53,38,78.07
486,4,0,18,48.3,32,77.57
487,5,1,17.7,47.3,36,87.19
488,6,0,16.6,57.3,33,99.96
489,7,0,11,86,42,43.4
490,1,0,11.1,76.3,30,89.02
491,2,0,15.4,38,24,66.21
492,3,0,17.8,35.3,35,106.35
493,4,0,19.3,45.3,41,130.07
494,5,0,19.4,44.7,36,117.3
495,6,0,19.9,45,32,147.41
496,7,0,17.4,70,33,68.94
497,1,0,14,74.3,29,79.89
498,2,0,16.1,60,30,80.8
499,3,0,14.5,73.3,30,75.33
500,4,0,16.6,63.3,32,107.26
501,5,0,16.1,72,45,99.96
502,6,0,18.3,63,31,110
503,7,0,18,65,27,56.17
504,1,0,19.5,58.3,36,106.35
505,2,0,21.5,52.7,30,116.39
506,3,0,22.7,55,32,172.95
507,4,0,24.2,41.7,33,137.37
508,5,0,20.3,60,23,110
509,6,0,20.5,51,27,127.33
510,7,0,19.1,70.7,40,80.8
511,1,0,18.5,67.7,22,104.53
512,2,0,14.9,88.3,25,76.24
513,3,0,14.8,70,28,58.91
514,4,0,17.2,44,44,99.05
515,5,0,19.6,54,30,68.94
516,6,0,21.1,56,33,136.46
517,7,0,23.4,55,34,119.12
518,1,0,24.5,45.3,37,127.07
519,2,0,26.4,45,49,135.28
520,3,0,25.9,48,45,113.79
521,4,0,19.8,54.3,40,93.96
522,5,0,21.5,38,32,75.07
523,6,0,22.5,48.7,32,88.75
524,7,0,23.9,44.7,28,74.15
525,1,0,25.6,45.7,39,100.61
526,2,0,25.4,44,32,89.91
527,3,0,25.8,44,40,78.54
528,4,0,26.4,49,28,71.23
529,5,0,27.9,49.7,36,65.23
530,6,0,28,46,32,60.96
531,7,0,26.5,49,20,59.49
532,1,0,28.4,45,38,57.31
533,2,0,28,40,53,54.14
534,3,0,23.7,51,38,55.57
535,4,0,21.1,29,35,31.8
536,5,0,20.7,28,21,13.29
537,6,0,19,44.7,32,21.13
538,7,0,18.5,54.7,35,29.41
539,1,0,17.2,53.3,22,34.44
540,2,0,17.3,60.7,27,85.1
541,3,0,20.8,52,21,95.41
542,4,0,19.7,77,34,44.53
543,5,0,19,79.7,35,53.5
544,6,0,22.5,59,35,55
545,7,0,19.8,85,31,43.67
546,1,0,21.1,59.3,45,70.4
547,2,0,21.8,57.3,18,60
548,3,0,22.4,55.7,29,55.74
549,4,0,24.5,59.3,32,96
550,5,0,21.1,78,37,35.5
551,6,0,23.6,31.3,31,28
552,7,0,24,53.7,32,29.5
553,1,0,25.5,50.7,16,43.5
554,2,0,26.5,57.3,35,105.5
555,3,0,25.9,61.3,38,57.5
556,4,0,26.2,63,28,93
557,5,0,28,63.3,32,85.07
558,6,0,24.2,64,27,77.89
559,7,0,26,60.7,29,74.28
560,1,0,25.5,65.3,25,71.64
561,2,0,23.7,66,28,31.27
562,3,0,25.8,62.3,40,81.5
563,4,0,25.8,61.3,30,72
564,5,0,24.1,69.3,29,54
565,6,0,18.7,82.7,24,8
566,7,0,18.2,45,36,3.5
567,1,0,23.5,28,23,25
568,2,0,24.2,43.3,26,37.5
569,3,0,23.9,55.3,17,55.5
570,4,0,22.6,49,29,40.5
571,5,0,20.8,72,22,49
572,6,0,22.1,37.3,22,21
573,7,0,21.1,48.7,24,12.5
574,1,0,22.6,44.3,37,43.13
575,2,0,24.7,40.7,25,58.5
576,3,0,24.4,51.7,24,83
577,4,0,25.5,48.3,28,72.5
578,5,0,25.8,48,22,67.77
579,6,0,26.7,49,30,62
580,7,0,27.2,59.7,37,56.5
581,1,0,28.3,46.3,31,76.5
582,2,0,28.8,52.3,36,54.5
583,3,0,28.4,48,28,59.5
584,4,0,27.7,49.7,38,55.91
585,5,0,26.5,55,19,37.5
586,6,0,27,54,25,33
587,7,0,22.8,60.3,27,50.21
588,1,0,26.4,52,24,59.08
589,2,0,20.8,77,25,58.7
590,3,0,21.5,63,30,14
591,4,0,24.1,54,21,32
592,5,0,25.9,45.3,19,31
593,6,1,27,45,20,25.5
594,7,0,27.1,53.3,29,40.5
595,1,0,24.8,61.3,21,29
596,2,0,23,53.3,26,21.5
597,3,0,23.3,54.3,28,28
598,4,0,23.9,63,17,33.5
599,5,0,22.3,65,19,13
600,6,0,22.7,50.3,21,5.5
601,7,0,23.8,53.3,14,21
602,1,0,22.3,45.7,28,32
603,2,0,22,39,23,33
604,3,0,22.3,46.3,16,43
605,4,0,23.3,49,29,80.5
606,5,0,23.7,54.7,18,54
607,6,0,21.9,61.7,19,67.75
608,7,0,23.8,55,16,77.91
609,1,0,24.8,68.3,26,87.07
610,2,0,23.8,58,28,81.5
611,3,0,21.7,64.3,25,38
612,4,0,17.6,80,21,25.5
613,5,0,17.8,77.7,24,58
614,6,0,20.1,51,16,40
615,7,0,21.9,52.7,26,63
616,1,0,22.3,59.3,25,77
617,2,0,23.2,59.3,23,134.5
618,3,0,24,59.3,32,122
619,4,0,19.2,89.7,21,45
620,5,0,21.3,70.7,33,79
621,6,0,22.4,63.3,27,71
622,7,0,21.4,77.7,28,67.5
623,1,0,22,42.3,30,41.5
624,2,0,19.6,50.3,32,51
625,3,0,20.7,56.7,32,99
626,4,0,22.1,58.3,34,127.5
627,5,0,21.9,68,34,122.95
628,6,0,21,74,20,88
629,7,0,20.6,84.7,27,31.5
630,1,0,22.7,70.3,26,64
631,2,0,22,84.7,43,67
632,3,0,22.8,71.3,38,70.5
633,4,0,18.8,85.3,34,35.5
634,5,0,18.6,73,28,94
635,6,0,18.1,77,26,96.06
636,7,0,19.1,81.3,28,5.5
637,1,0,15.5,77.3,35,17.5
638,2,0,18,42.3,31,42
639,3,0,18.2,40,17,119
640,4,0,17.5,58,27,116.5
641,5,0,14.5,88.3,30,101.07
642,6,0,14.7,83.7,29,79
643,7,0,16.7,77.3,32,32
644,1,0,18,84.3,35,106
645,2,0,18.3,87,38,119.5
646,3,0,19.3,79.7,25,141.5
647,4,0,18.7,82,35,198
648,5,0,18,85.3,39,161.93
649,6,0,19.1,78.3,31,169.23
650,7,0,19.3,57.3,31,88.03
651,1,0,14.9,56.7,29,68.87
652,2,0,15.9,36.7,32,61.57
653,3,0,14.6,46.7,29,156.5
654,4,0,15,62,39,229
655,5,0,16.3,65.3,40,301
656,6,0,16.5,77,39,244.04
657,7,0,16.7,76.3,36,208.46
658,1,0,17.3,81.3,40,254.08
659,2,0,16,82.3,28,323.88
660,3,0,13.8,90.3,37,149.5
661,4,0,11.1,75.3,49,51.5
662,5,0,9.9,55.7,37,127.5
663,6,0,10,48,31,142.5
664,7,0,8.7,59.7,39,62
665,1,0,8.1,94,41,29
666,2,0,9.1,83,41,61
667,3,0,11.2,67.7,36,196.5
668,4,0,11.4,71,33,164.66
669,5,0,11.6,73.3,41,182
670,6,0,13,66.7,60,107.19
671,7,0,13.4,74.7,40,140.94
672,1,0,13.3,72,37,150.07
673,2,0,11.9,87.3,45,121.78
674,3,0,10.9,87.7,32,148.24
675,4,0,10.3,87.3,33,103
676,5,0,10.7,83.7,37,150.5
677,6,0,10.3,73.7,41,214
678,7,0,6.5,44.7,28,40.5
679,1,0,5.3,50.7,33,156
680,2,0,4.9,54.7,39,231.5
681,3,0,4.8,51,37,279
682,4,0,6.8,56,27,204.5
683,5,0,7.4,77,33,408
684,6,0,10.1,32.3,38,172
685,7,0,8.6,35.3,28,66
686,1,0,6.4,34.7,41,201
687,2,0,5.7,47,38,339.5
688,3,0,7.3,46.3,43,368.5
689,4,0,8.7,52.7,31,310
690,5,0,8.5,62,41,462
691,6,0,10.2,66.3,32,329
692,7,0,7.3,73.3,45,264
693,1,0,7.6,76.3,36,340
694,2,0,10.2,72.3,36,287
695,3,0,10.6,62.7,31,358
696,4,0,8.5,50.3,38,153
697,5,0,5.9,58.7,38,275.5
698,6,0,6,70.7,39,240.5
699,7,0,8.8,20,36,38
700,1,0,8.9,31.7,34,104.5
701,2,0,8,32.7,45,164.18
702,3,0,8,32,35,130
703,4,0,5.5,54.3,34,235
704,5,0,3.9,49,40,315
705,6,0,2.4,68,21,282
706,7,0,2.9,70,29,242.5
707,1,0,2.9,75.7,28,203
708,2,1,2.4,84,49,270
709,3,0,5.3,78,33,283.5
710,4,0,6.1,67.3,29,214
711,5,0,5.4,85,32,264.5
712,6,0,6.4,67,44,196
713,7,0,6.2,36,46,88
714,1,0,2.5,64.3,32,80.5
715,2,0,3.7,63.3,42,144
716,3,0,4.8,70.3,43,183.5
717,4,0,6.4,62.3,38,188
718,5,0,3.4,91.7,31,94
719,6,0,5,54,40,33.5
720,7,0,2.4,50.7,37,67
721,1,0,1.1,81.3,40,110
722,2,0,1.7,94.7,37,87
723,3,0,1.3,90,45,164.5
724,4,0,2,95.7,32,145
725,5,1,4.9,53.7,34,54
726,6,1,3.5,46,35,104.5
727,7,0,1.2,52,43,148.5
728,1,0,1.1,82.6,36,150
729,2,0,0.9,95.7,39,90
730,3,0,2.6,92.3,42,173.5
731,4,0,3.2,96,49,88
732,5,1,4.6,90,40,119
733,6,0,8.8,54.7,41,121
734,7,0,7.5,61.3,36,206
735,1,0,7.4,72,42,257.5
736,2,0,7.6,67,36,320.5
737,3,0,7.8,80.3,37,337.5
738,4,0,6.5,59.3,36,241.5
739,5,0,1.7,50,36,104
740,6,0,0.9,66.3,36,142
741,7,0,1.5,78.3,39,165
742,1,0,1.8,87.7,48,130.5
743,2,0,4.5,75.7,40,261.5
744,3,0,5.1,62,38,187.5
745,4,0,3.7,46.3,39,148.5
746,5,0,3.7,84,39,179
747,6,0,3.2,88.7,40,241
748,7,0,1.5,92,46,111
749,1,0,2.1,87,29,182
750,2,0,0.9,90.3,39,240.5
751,3,0,0.4,87,33,262.5
752,4,0,0.6,82,35,360
753,5,0,0.1,82.3,39,376.5
754,6,0,0.7,83,44,322
755,7,0,2.1,88.3,41,236
756,1,0,1.4,92,32,214.07
757,2,0,-0.5,89,31,230.5
758,3,0,1,85,35,179.5
759,4,0,5.6,73,45,258
760,5,0,5.8,67.3,27,324
761,6,0,7.9,56.7,41,242.5
762,7,0,13.4,35.3,44,100
763,1,0,6.8,78,38,257
764,2,0,3.9,82.3,31,214
765,3,0,2.9,53,35,209
766,4,0,2.2,72.7,33,306.5
767,5,0,0.7,83.7,39,328
768,6,0,0.2,79,36,242.5
769,7,0,3.3,76.7,39,284.5
770,1,0,4.8,69.3,30,342
771,2,0,2.9,82.3,34,405
772,3,0,1.8,83.7,38,380
773,4,0,1.6,84.3,33,347.5
774,5,0,3.7,74,36,354.5
775,6,0,2.8,83.3,37,282
776,7,0,1.6,88,22,201
777,1,0,2.7,89,33,177
778,2,0,5.2,83.7,28,173
779,3,0,7.2,89.7,43,114
780,4,0,9.9,64,46,218
781,5,0,6.6,73,32,190
782,6,0,4.5,63.7,35,132.5
783,7,0,1.5,53.3,37,108.5
784,1,0,-0.5,67.3,22,156.5
785,2,0,-1.5,93.7,26,133
786,3,0,0.2,92,24,256
787,4,0,1.9,77.7,38,232
788,5,0,2.7,67.3,32,178.5
789,6,0,4.4,57,23,233
790,7,0,6.3,54.7,38,259
791,1,0,8.7,67.3,37,262
792,2,0,9.8,47,41,193.5
793,3,0,9.7,37,43,136
794,4,0,6.7,64.7,42,189.5
795,5,0,7.2,62,48,68.5
796,6,0,7.2,55.3,36,91
797,7,0,3.7,73.3,27,49
798,1,0,2.9,83,23,58
799,2,0,6.1,79.7,35,140
800,3,0,6.7,72.3,43,213.5
801,4,0,7.9,50.3,42,105
802,5,0,8.8,47.7,29,121.5
803,6,0,8.6,48,35,127.5
804,7,0,9.4,25.3,27,51.5
805,1,0,9.6,40,37,87.2
806,2,0,8.6,42.7,40,131
807,3,0,5.6,82,45,121.5
808,4,0,4.7,83.3,32,84.97
809,5,0,9.1,46.3,32,88.42
810,6,0,6,75.3,38,80.5
811,7,0,8.2,63,29,97
812,1,0,8.2,54.7,27,84
813,2,0,8.5,50.3,34,108.6
814,3,0,9.4,44.3,25,147
815,4,0,9.7,38.3,36,172
816,5,0,11.3,37.3,36,234.5
817,6,0,12.7,44,27,225
818,7,0,10.1,62,37,86.5
819,1,0,11,58,40,222
820,2,0,9.8,82,32,170.5
821,3,0,11.4,43,46,103.5
822,4,0,13.2,56.7,29,149.5
823,5,0,14.6,50.3,33,158
824,6,0,15.4,43.7,39,162
825,7,0,16.1,50,39,112.5
826,1,0,15.5,56,37,192.5
827,2,0,17.3,41.3,35,180.5
828,3,0,15.9,56,42,184.5
829,4,0,13.9,64,37,94
830,5,0,15,40,35,101.86
831,6,0,13.7,46,33,72
832,7,1,13,56.3,30,63.5
833,1,1,15.6,40,24,81.7
834,2,0,8.6,81,30,90.57
835,3,0,7.2,73,34,55.5
836,4,0,7.1,70.7,36,79.5
837,5,0,8.9,70,26,76.5
838,6,0,12.6,58,27,98
839,7,0,14.8,52,38,107.5
840,1,0,12.2,67,30,103.5
841,2,0,11.6,49,28,91
842,3,0,12.8,48.7,41,175
843,4,0,13.2,35,35,141
844,5,0,11.8,52.7,30,125
845,6,0,7,76.7,34,62
846,7,1,12.4,39.3,32,74.15
847,1,0,15.2,40,35,82.33
848,2,0,15.1,34,35,204
849,3,0,13.8,49.3,26,119.5
850,4,0,15,35.3,38,120.5
851,5,0,11.4,63.3,38,103
852,6,1,12.9,52.7,33,65.5
853,7,0,14.3,53.3,40,57.5
854,1,0,14.5,59,34,117.5
855,2,0,14.7,56.7,25,100
856,3,0,11.5,93,30,71
857,4,0,12.9,85,33,92.5
858,5,0,15,35,48,55.5
859,6,0,10.4,84,40,41
860,7,0,12.5,72.7,26,26
861,1,0,14.7,70,30,123
862,2,0,17.3,32.3,36,113.5
863,3,0,18.2,50,41,134
864,4,0,18.9,49,33,142.5
865,5,0,20.1,41.7,33,160
866,6,0,21.4,38,38,134
867,7,0,21.8,36.3,44,97
868,1,0,22,44,41,147
869,2,0,22,33.7,38,118.5
870,3,0,22,35.7,35,136.5
871,4,0,22.3,33.3,32,119
872,5,0,22.9,42,38,142.5
873,6,0,22.8,45.3,36,163.5
874,7,0,18.6,75.3,35,38.5
875,1,0,22,41.3,35,94
876,2,0,19.8,38.7,24,50.5
877,3,0,20.8,41.3,34,121
878,4,0,22.2,42.3,36,140
879,5,0,23.7,43.3,37,156.5
880,6,0,23.6,48.3,27,157
881,7,0,21.1,51.7,26,44.5
882,1,0,21.8,48.7,23,104
883,2,0,24.2,46,32,118.5
884,3,0,24.2,49,21,156.5
885,4,0,24.7,43.3,26,134.18
886,5,0,24.2,43.7,34,119.56
887,6,0,23.9,45.7,29,109.38
888,7,0,24.2,43,33,101.92
889,1,0,24.9,46.7,25,98.12
890,2,0,23.8,59.7,41,99.08
891,3,0,25.7,50.3,32,97.01
892,4,0,25.3,54.3,35,97.45
893,5,0,21.7,72.3,29,95.59
894,6,0,20.5,57,30,93.71
895,7,0,17.1,65.3,32,91.69
896,1,0,21.4,30.3,29,70.35
897,2,0,22,40,24,74.42
898,3,0,20.6,53,33,79.06
899,4,0,22.3,58,36,85.71
900,5,0,22.4,59,20,89.73
901,6,0,21.9,59,43,91.37
902,7,0,20.6,55.3,24,89.53
903,1,0,25.2,60.7,30,93.74
904,2,0,24.9,55.3,44,94.6
905,3,0,23.3,58.3,32,95.03
906,4,0,24.7,47.3,33,92.2
907,5,0,26.4,58,33,94.23
908,6,0,23.8,76.3,25,89.43
909,7,0,24.5,34.3,26,77.42
910,1,0,23,42.7,30,79.02
911,2,0,23.9,54.7,29,83.93
912,3,0,23.4,53.7,31,85.82
913,4,0,24.5,44.3,34,85.39
914,5,0,25.2,43,35,84.97
915,6,0,26.4,45.3,33,85.04
916,7,0,26.8,50,31,86.51
917,1,0,26.3,53,25,87.08
918,2,0,27.1,53.7,24,87.85
919,3,0,30,26.3,39,44.46
920,4,0,26.4,46.7,25,84.08
921,5,0,26,43.3,33,80.76
922,6,0,26.9,45.7,29,83.56
923,7,0,26.8,49.3,30,84.99
924,1,0,28.3,48,29,85.7
925,2,0,25.6,75.7,38,88.6
926,3,0,25,69.3,41,96.14
927,4,0,26.6,69,35,97.44
928,5,0,26.7,69.3,34,97.43
929,6,0,26.4,63,43,92.07
930,7,0,24.7,66.3,35,94.03
931,1,0,24.8,68,26,95.34
932,2,0,27.4,66.7,22,96.68
933,3,0,27.8,58.3,29,89.52
934,4,0,27.5,48.3,16,84.45
935,5,0,25.5,55.3,25,85.77
936,6,0,21.2,61.7,22,83.63
937,7,0,22.5,57.7,26,83.37
938,1,0,25.5,47,22,82.33
939,2,0,19.9,71.3,23,86.36
940,3,0,18.7,77.7,25,73.55
941,4,0,22.8,57,16,83.71
942,5,0,24.1,62.3,10,113.7
943,6,0,22.2,55.3,23,69.91
944,7,0,23.9,44.3,28,44.36
945,1,0,24.5,54.7,27,48.92
946,2,0,22.2,66.7,22,43.45
947,3,0,23.1,56.7,16,64.08
948,4,0,24.5,61.7,27,64.44
949,5,0,22.1,65.7,30,54.4
950,6,0,20.6,69.7,25,39.8
951,7,0,21.2,70.3,20,60.62
952,1,0,24.8,55.7,24,76.7
953,2,0,27,54.7,34,84.38
954,3,0,26.3,51,22,60.79
955,4,0,26.6,53.3,31,78.12
956,5,0,26.4,60.7,17,66.26
957,6,0,25.3,59.3,21,43.45
958,7,1,25.2,63.3,24,48.92
959,1,0,27,58.3,19,70.75
960,2,0,22.4,62,32,39.8
961,3,0,24.9,49.3,27,40.71
962,4,0,25.5,50.7,22,52.58
963,5,0,24.5,70.7,18,50.75
964,6,0,19.8,62.7,24,68.71
965,7,0,19.2,51.7,20,78.03
966,1,0,22.7,44.7,21,84.65
967,2,0,22.1,48.3,27,70.82
968,3,0,22.8,50.3,22,78.5
969,4,0,22.9,52.3,27,87
970,5,0,19,84.3,25,78.42
971,6,0,18.6,92,21,35.5
972,7,0,20.6,74.7,25,59.12
973,1,0,22.2,61.3,21,78.63
974,2,0,18.5,83.3,21,77.5
975,3,0,19.7,59,17,73.5
976,4,0,22.1,55,25,90
977,5,0,23.6,57,24,92
978,6,0,24.9,57.7,37,135.5
979,7,0,25.1,64.7,32,129
980,1,0,23.4,54,28,126.16
981,2,0,19.3,73,17,56.5
982,3,0,21,62,26,56.5
983,4,0,24,53.7,35,88
984,5,0,24.2,52,29,138.5
985,6,0,24.1,67,41,135
986,7,0,24.8,67.7,30,133
987,1,0,25.5,63.3,38,132.71
988,2,0,23.5,60.3,27,133
989,3,0,23.1,59.3,28,191.5
990,4,0,23.3,65.3,28,224.5
991,5,0,22.7,66.3,32,256
992,6,0,22.4,59,24,219.5
993,7,0,22.1,61.7,37,164
994,1,0,22.2,71,28,133.5
995,2,0,21.3,78.7,21,117.5
996,3,0,19.9,73,28,111
997,4,0,20.2,72,25,102
998,5,0,18.2,74,26,65.5
999,6,0,17.5,90.3,32,66.5
1000,7,0,19.8,88.3,27,44
1001,1,0,21.6,61,31,76.5
1002,2,0,20.4,60.3,27,107
1003,3,0,19.9,61.7,27,174.5
1004,4,0,17.1,79,34,139
1005,5,0,16.5,74,27,133.92
1006,6,0,17.5,71.3,24,128.28
1007,7,0,17.5,61.3,30,91
1008,1,0,15.4,72,24,104.14
1009,2,0,10.6,92,31,47
1010,3,0,10.8,89.7,32,58.54
1011,4,0,11.1,72.3,32,89
1012,5,0,12.5,71,34,100.5
1013,6,0,13.1,72,34,41.5
1014,7,0,13,75.7,41,70.7
1015,1,0,12.8,69.3,38,89.46
1016,2,0,11.9,77.3,33,96.36
1017,3,0,11.7,83.7,34,94.17
1018,4,0,13.3,81.3,40,93.89
1019,5,0,13.5,58.3,45,104.39
1020,6,0,12.4,59.7,37,111.05
1021,7,0,10.8,84.7,26,102.37
1022,1,0,10.9,92.3,46,87.72
1023,2,0,12,98,33,51.41
1024,3,0,12.9,88,29,62.56
1025,4,0,12.7,77.3,38,78.16
1026,5,0,13.5,88,41,79.5
1027,6,0,13.7,90.7,29,77.7
1028,7,0,12.1,87.3,29,79.93
1029,1,0,13.6,74.3,38,93.26
1030,2,0,12.9,68.7,47,104.76
1031,3,0,13.4,68,32,112.51
1032,4,0,13.6,59,33,117.64
1033,5,0,13.5,60,33,121.41
1034,6,0,13.5,60.7,33,124.24
1035,7,0,11,76.3,23,120.48
1036,1,1,8.3,81.3,33,115.61
1037,2,0,9.5,76.7,29,116.09
1038,3,0,8.3,83,21,112.06
1039,4,0,8.1,92.3,43,137.5
1040,5,0,7.9,85,38,149.5
1041,6,0,8.6,67,26,76.5
1042,7,0,5.6,45.3,41,107.11
1043,1,0,4.4,91.7,32,105.01
1044,2,0,6.4,98.3,28,74.39
1045,3,0,10.6,88,42,84.58
1046,4,0,13.3,75.3,46,100.78
1047,5,0,12.7,83.7,39,102.29
1048,6,0,12.4,90.7,50,98.62
1049,7,0,10.8,65.3,36,114.43
1050,1,0,7.4,89.3,25,33.5
1051,2,0,9,65.7,29,48
1052,3,0,9.2,46.3,37,86
1053,4,0,8.5,49.3,30,93.5
1054,5,0,9,58.7,43,191.5
1055,6,0,8.6,70,26,243.5
1056,7,0,8.6,69.7,23,235
1057,1,0,8.5,72,34,215
1058,2,0,9.9,71.7,34,223
1059,3,0,9.1,76.7,37,224
1060,4,0,8.1,95.7,41,134
1061,5,0,8,99,35,115
1062,6,0,10.1,96,42,61
1063,7,0,10.9,89.7,31,53
1064,1,0,11.1,90,43,50.5
1065,2,0,10.4,82.3,35,70.5
1066,3,0,10.1,89.3,42,91
1067,4,0,9.2,94.3,32,71
1068,5,0,10.2,73,30,99.77
1069,6,0,9.8,78,24,136
1070,7,0,5.3,0,35,128.5
1071,1,0,4.5,95.7,36,97
1072,2,0,5.5,97.7,33,66
1073,3,1,6.2,96.3,23,68
1074,4,0,7.1,95,34,74
1075,5,0,6.5,94.3,31,124
1076,6,0,7.5,48.3,31,67.5
1077,7,0,4.5,80.7,34,80.5
1078,1,0,3.5,87,36,175.5
1079,2,0,4.7,76.7,31,209.5
1080,3,0,4.1,75.3,36,247
1081,4,0,5.7,72.3,44,167.5
1082,5,0,5.6,90,31,140
1083,6,0,5.6,76,32,65.5
1084,7,0,7.2,30.3,41,60
1085,1,0,4.1,80.3,35,116
1086,2,0,2.8,93,34,115.15
1087,3,0,2.3,90.3,36,118.15
1088,4,0,0.4,88,36,183
1089,5,0,1.7,76,34,166
1090,6,1,3.5,67.7,44,171.48
1091,7,1,5.1,63.3,56,173.87
1092,1,0,5.3,60,45,218.5
1093,2,0,5.9,61,44,172.5
1094,3,0,3.4,70.3,23,174.5
1095,4,0,1.6,62.3,38,142.38
1096,5,0,0.1,73.3,42,154.97
1097,6,1,2.5,73,36,153.48
1098,7,0,4.2,63,37,146.5
1099,1,0,5.2,75.3,47,276
1100,2,0,6.3,78.7,52,265
1101,3,0,2.8,96.3,39,228.5
1102,4,0,3.8,87.7,34,276
1103,5,0,4.9,97,45,183.66
1104,6,0,6.3,96,40,176.76
1105,7,0,2.4,0,42,112.56
1106,1,0,-0.3,99,46,81.59
1107,2,0,-0.7,92,42,97.66
1108,3,0,0,84.7,50,114.55
1109,4,0,2.1,84,42,126.72
1110,5,0,2.7,93.3,35,124.84
1111,6,0,3.7,79,45,140.17
1112,7,0,10.9,36.3,46,142.27
1113,1,0,13.4,35,31,90
1114,2,0,10.9,65,37,94.5
1115,3,0,8.3,38.3,43,112.5
1116,4,0,5.4,29.3,31,51.5
1117,5,0,4.1,39.3,36,129.5
1118,6,0,4.8,47.3,44,195.5
1119,7,0,6.1,50.7,39,263.5
1120,1,0,6,58.7,36,238.47
1121,2,0,6.1,68.3,40,222.15
1122,3,0,7.7,64.7,44,388.5
1123,4,0,7.2,71.3,55,466
1124,5,0,5.3,79.7,43,305.5
1125,6,0,3.7,95,49,189.5
1126,7,0,4.7,96.3,43,182
1127,1,0,8,27.7,51,84.5
1128,2,0,7,49,38,138
1129,3,0,7.9,22.3,49,110
1130,4,0,5.9,21.7,45,84.5
1131,5,0,5.5,33.3,48,114.5
1132,6,0,1.9,63.3,43,80.5
1133,7,0,0.9,82.3,48,71.5
1134,1,0,0.9,79,58,153.5
1135,2,0,1.5,92,53,182.5
1136,3,0,1.8,97,56,147.5
1137,4,0,2,94.7,55,112
1138,5,0,2.6,75,43,101.5
1139,6,0,4,48,44,102.5
1140,7,0,2.5,79.3,50,86.5
1141,1,0,2,91.7,59,82.5
1142,2,0,3.3,75.7,46,101
1143,3,0,1.6,85.3,36,102.5
1144,4,0,1.9,64.7,43,93.5
1145,5,0,3.1,60.3,45,167
1146,6,0,3.8,58.7,48,186
1147,7,0,3.4,75.7,51,227.5
1148,1,0,5.7,67.7,52,222.5
1149,2,0,3.3,54,41,133
1150,3,0,1.8,42,35,80.5
1151,4,0,3.4,42.7,32,141
1152,5,0,3.5,59.7,36,157.5
1153,6,0,2.1,82.7,29,159
1154,7,0,1.1,92.3,35,146
1155,1,0,1.3,89.7,45,147.44
1156,2,0,3.7,88,41,143
1157,3,0,7.3,70,44,64.5
1158,4,0,8.5,63,51,114.17
1159,5,0,7.8,63.7,40,154
1160,6,0,8.4,62.7,38,177
1161,7,0,10.1,52.3,35,141.77
1162,1,0,11.7,60.3,49,157.5
1163,2,0,12.1,57.3,43,160
1164,3,0,11.5,67,39,118.5
1165,4,0,10.2,75,38,120.46
1166,5,0,11.9,70.7,32,127.47
1167,6,0,7.8,79.3,18,196.5
1168,7,0,7.4,47.7,27,60
1169,1,0,7.3,60,31,155
1170,2,0,5.7,97,34,93.15
1171,3,0,7.2,97,40,75
1172,4,0,12.5,73.3,34,91.09
1173,5,0,12.7,69,42,181
1174,6,0,14.6,60,38,160.81
1175,7,0,13.8,62.3,31,150.66
1176,1,0,13.5,66.3,28,149.5
1177,2,0,14.2,63.7,34,101
1178,3,0,12,71.7,40,129
1179,4,0,9,90.3,29,93.5
1180,5,0,9.9,76.7,35,98.54
1181,6,0,9.3,27,31,146
1182,7,0,9.4,21,36,67.5
1183,1,0,6.9,74.3,37,77.5
1184,2,0,7.6,90,34,62.5
1185,3,0,11.1,69,34,111
1186,4,0,11.6,66.3,38,148.5
1187,5,0,11.3,81,34,153
1188,6,0,8.4,87.3,40,55
1189,7,1,9.5,67,29,55
1190,1,1,9.8,64,35,44
1191,2,0,11.5,43.7,35,69.5
1192,3,0,10.5,58,33,77
1193,4,0,14.6,57.7,31,115
1194,5,0,14.5,65.3,24,107
1195,6,0,15.1,69.3,33,35.67
1196,7,0,15.6,72,39,62.22
1197,1,0,15.2,62.3,38,107.5
1198,2,0,14.4,32.7,25,126.5
1199,3,0,12.2,15.3,29,186
1200,4,0,12.5,38,29,80.5
1201,5,0,14.7,23,29,102.5
1202,6,0,14.4,43,36,120.5
1203,7,0,14.2,56.7,34,88.5
1204,1,0,12.4,72.7,36,81.29
1205,2,0,10.8,96,47,92.5
1206,3,0,14.1,70,41,113.5
1207,4,0,13.7,86.7,37,91
1208,5,0,14.1,70.3,33,60.5
1209,6,0,15.7,52,28,55
1210,7,0,14.3,69.7,26,48.5
1211,1,1,15.6,51.3,29,40
1212,2,0,12.3,93.3,36,62.5
1213,3,0,13.8,59,29,91.5
1214,4,0,16.1,48.3,40,82.5
1215,5,0,15.2,71,38,114
1216,6,0,17.2,56,33,94
1217,7,1,15.5,69.7,36,82
1218,1,0,15.5,37.3,41,55
1219,2,0,17.1,48,29,63
1220,3,0,17.2,55.3,23,68
1221,4,0,17.6,58,33,60
1222,5,0,19.1,46,24,86
1223,6,0,16.2,78,36,90.5
1224,7,0,14.2,92.7,25,69
1225,1,0,18.4,47.7,33,72.87
1226,2,0,16.7,59.7,26,79.57
1227,3,0,16.1,54.7,20,50.5
1228,4,0,16.8,67.8,38,72
1229,5,0,17.7,65,29,97
1230,6,0,17.4,74.7,31,98
1231,7,0,15.5,92,34,54.5
1232,1,0,17.2,73.3,42,54
1233,2,0,18.5,42.7,27,67
1234,3,0,18.2,47.7,33,71.5
1235,4,0,18,45,37,72.5
1236,5,0,17.4,56,33,74.5
1237,6,0,15.9,81.7,29,72
1238,7,0,14.3,86,27,30
1239,1,0,15,61.7,33,58.5
1240,2,0,14.8,59.3,33,49.5
1241,3,0,15.6,71.7,38,70.5
1242,4,0,14.9,74.7,30,69.13
1243,5,0,14.3,68.3,28,67
1244,6,0,15.8,78.7,30,71.5
1245,7,0,17.1,63,30,72.24
1246,1,0,20.7,53.3,35,75.56
1247,2,0,21.2,46.3,28,112.5
1248,3,0,22.9,50,36,144.5
1249,4,0,23.2,44,32,125.5
1250,5,0,24.1,46,42,119
1251,6,0,26.2,40.3,33,151
1252,7,0,27,38.7,34,135
1253,1,0,25.3,51,47,180.5
1254,2,0,21.1,30,48,84.64
1255,3,0,21.9,39.3,27,68.26
1256,4,0,23.9,37.7,41,65.95
1257,5,0,25.7,53,27,73.61
1258,6,0,23.4,53.7,28,67.5
1259,7,0,23.4,51.3,32,50
1260,1,0,21.5,67,33,60.1
1261,2,0,22,59.3,26,89.5
1262,3,0,23.5,29.3,24,103.5
1263,4,0,20.7,16.7,25,47
1264,5,0,19.3,32.7,31,85
1265,6,0,15.3,76,30,40.5
1266,7,0,19,50,25,56
1267,1,0,19.2,65.3,22,106.5
1268,2,0,18.6,71.7,32,67
1269,3,0,20.3,62.3,27,68.53
1270,4,0,22,64.3,29,94.99
1271,5,0,23.4,51,38,98.5
1272,6,0,23.8,52,26,95
1273,7,0,24.4,52,34,66
1274,1,0,20.8,72,29,67.97
1275,2,0,21,71.7,28,72.39
1276,3,0,21.4,59,29,76.11
1277,4,0,22.6,52.7,38,76.72
1278,5,0,20.9,71.3,26,77.4
1279,6,0,22.5,44.7,24,76.13
1280,7,0,24.1,52,27,77.44
1281,1,0,25.7,47,29,77.25
1282,2,0,24.8,61.3,17,154.5
1283,3,0,22.1,71.7,28,51.5
1284,4,0,22.1,72.3,28,45
1285,5,0,25.5,56,32,61.5
1286,6,0,26.8,55,28,48
1287,7,0,26.5,56.3,45,58.5
1288,1,0,24.8,55.3,30,80.11
1289,2,0,26.4,52.3,26,58.22
1290,3,0,28.5,43.3,37,94.71
1291,4,0,26.4,51.3,38,56.39
1292,5,0,25.4,44.3,22,86.5
1293,6,0,27.2,44.3,34,83.5
1294,7,0,28.5,46.3,33,82.5
1295,1,0,29.1,44.3,46,76.96
1296,2,0,29,46.3,37,75.87
1297,3,0,29.4,49.3,37,75.07
1298,4,0,31,43.7,64,71.81
1299,5,0,26.5,56,44,78.58
1300,6,0,29.3,54.3,43,78.89
1301,7,0,28,55.3,55,80.69
1302,1,0,28.6,57,38,81.53
1303,2,0,30.1,54,35,78.71
1304,3,0,30.8,57.3,62,77.04
1305,4,0,30.3,51.3,58,74.32
1306,5,0,31.5,37.7,53,64.31
1307,6,0,29.5,42.3,64,66.63
1308,7,0,29.9,44.3,37,68.15
1309,1,0,28.9,47.7,46,70.22
1310,2,0,23,77.7,37,39.06
1311,3,0,22.1,33,16,11.69
1312,4,0,22.3,41.7,19,33.18
1313,5,0,23.5,34.7,25,41.78
1314,6,0,21.6,59.3,30,61.28
1315,7,0,20.6,53.3,24,70.41
1316,1,0,22.8,48.3,34,76.05
1317,2,0,26.7,48.7,15,80.06
1318,3,0,25.8,40,25,79.98
1319,4,0,23.2,67,28,85
1320,5,0,22.8,55,20,86.37
1321,6,0,24.6,47,26,86.27
1322,7,0,22.8,56,26,87.7
1323,1,1,23.8,38,25,81.99
1324,2,0,25.2,47,22,84.29
1325,3,0,22.8,62.3,25,88.38
1326,4,0,25,47.3,20,46.36
1327,5,0,25.8,47.3,18,58.22
1328,6,0,26.2,49,21,71.9
1329,7,0,26,51.7,24,77.38
1330,1,0,26.2,47.7,24,56.39
1331,2,0,26,50.3,24,126.64
1332,3,0,19.4,85.3,19,22.64
1333,4,0,20.8,77.7,25,40.88
1334,5,0,21.9,74.3,25,40.88
1335,6,0,24.4,60.7,29,64.6
1336,7,0,23.7,69.3,23,61.87
1337,1,0,22.2,72,41,60.95
1338,2,0,22.2,72,25,82
1339,3,0,24,59.7,24,86
1340,4,0,23.8,60,18,90.5
1341,5,0,22.6,73.3,30,55
1342,6,0,21.9,74,29,51
1343,7,0,22.5,45.7,25,38
1344,1,0,22.1,34,19,52
1345,2,0,22.7,47,25,106.5
1346,3,0,23.8,41,32,81.5
1347,4,0,20.9,56.7,32,81
1348,5,0,21.4,63.7,26,93
1349,6,0,21.9,72.3,24,114
1350,7,0,20.5,62.7,21,42.5
1351,1,0,18.8,35,33,32.5
1352,2,0,18.5,61.7,31,65
1353,3,0,20,48.3,27,69
1354,4,0,19.4,62,28,85.5
1355,5,0,17.2,87.3,25,58
1356,6,0,16.8,64.3,26,71
1357,7,0,19.5,38,30,25.5
1358,1,0,19.7,61.3,24,59.5
1359,2,0,22.6,47.3,33,166
1360,3,0,21,60.3,27,200.5
1361,4,0,22.1,57.7,26,208.5
1362,5,0,22.5,61.7,25,188
1363,6,0,22.5,67,28,242
1364,7,0,24.4,45.3,28,112
1365,1,0,20.6,42.3,41,115.5
1366,2,0,20.4,44,41,134.5
1367,3,0,20.2,44,24,140.5
1368,4,0,19.1,54.7,29,122.5
1369,5,0,19.3,69.3,28,138
1370,6,0,20.1,59,32,170.5
1371,7,0,17.7,62.3,21,69
1372,1,0,18.9,62,37,173.5
1373,2,0,19.8,67,27,172
1374,3,0,20.4,63.7,24,134.5
1375,4,0,20.2,58.7,25,137
1376,5,0,18.8,70.3,31,142
1377,6,0,18.7,76.7,22,194
1378,7,0,19.1,65.7,25,105.5
1379,1,0,18.9,69,38,188
1380,2,0,20.1,65.3,28,140.5
1381,3,0,16.8,49,35,98
1382,4,0,15.1,51,26,78
1383,5,0,14.6,54.7,21,162
1384,6,0,13.3,87.7,28,122
1385,7,0,13.6,66.8,32,143.5
1386,1,0,14.3,66.3,20,58
1387,2,0,13.2,43.3,31,104
1388,3,0,13.6,50,24,133.5
1389,4,0,15.3,51.3,34,186
1390,5,0,15.1,61.8,35,150.5
1391,6,0,11,62,25,58.5
1392,7,0,10.2,57.6,23,63.5
1393,1,0,9.7,59,39,94.5
1394,2,0,10.5,56,25,112.38
1395,3,0,11.4,61.3,36,278.5
1396,4,0,12.8,55.7,37,242.5
1397,5,0,13.7,61,44,275.5
1398,6,0,13.7,58,40,195
1399,7,0,12.6,78.7,40,103
1400,1,0,13.7,75.7,37,151.5
1401,2,1,12.7,69,41,96
1402,3,0,12.3,54.7,45,138
1403,4,0,13.7,68,31,162
1404,5,0,14.7,73,49,153.5
1405,6,0,13.7,71.3,52,130.5
1406,7,0,11.4,92.7,22,147.5
1407,1,0,11.5,75,28,157
1408,2,0,12.5,68.3,36,222
1409,3,0,12.4,69.3,32,281
1410,4,0,10.7,72.3,40,268
1411,5,0,10.5,71.7,24,229
1412,6,0,9,73,37,147
1413,7,0,7.3,66,37,66.5
1414,1,0,4.3,55.3,33,99
1415,2,0,3.4,49,29,107.5
1416,3,0,3,64.7,41,200
1417,4,0,4.8,63.3,45,245.5
1418,5,0,6.8,60.3,35,202.5
1419,6,0,6.2,63.3,32,248
1420,7,0,5.1,74.3,43,286
1421,1,0,5.9,76,34,304.5
1422,2,0,5.8,59.7,30,273.74
1423,3,0,6.6,52,43,250.51
1424,4,0,5.9,66.7,35,247.5
1425,5,0,5.7,67.3,38,305
1426,6,0,5.7,74,36,369
1427,7,0,4.8,92.7,27,260.5
1428,1,0,10.3,51.7,26,127
1429,2,0,12.7,19.7,37,127
1430,3,0,9.4,33.7,44,175
1431,4,0,6.9,34,35,110.5
1432,5,0,3,38,38,122
1433,6,0,2.8,33.3,35,135.5
1434,7,0,3.1,49.8,29,157.05
1435,1,0,3.2,60,32,174.83
1436,2,0,4.5,53.3,35,259
1437,3,0,7.1,31.3,35,207
1438,4,1,5,42.3,35,116
1439,5,0,3.3,45.3,27,178
1440,6,0,1.6,84.7,40,172.42
1441,7,0,-0.8,85,37,172.96
1442,1,0,3.3,55.7,51,187.53
1443,2,0,3,57,32,105.5
1444,3,0,2.1,61.7,35,245.5
1445,4,0,0.6,72.3,41,272.5
1446,5,0,-0.9,0,40,119
1447,6,0,0.9,91.7,38,133
1448,7,0,2,97.7,40,148.5
1449,1,0,2.4,93,35,139
1450,2,0,4.8,81.7,48,157
1451,3,0,5,0,44,122.7
1452,4,0,6.3,81.7,45,140.97
1453,5,0,6.6,72.3,27,164.89
1454,6,0,6.4,75,36,277
1455,7,1,6.3,85.7,47,297.5
1456,1,1,7.9,83,28,143.5
1457,2,0,10.8,39,44,151.3
1458,3,0,8.7,62.7,35,154
1459,4,0,8.5,71.3,33,282.5
1460,5,0,8.6,72.3,32,310
1461,6,0,7.6,75.7,39,248.5
1462,7,1,6.3,80,31,294.5
1463,1,0,6.6,81.7,40,247.5
1464,2,0,5.6,0,38,255
1465,3,0,7,47.3,32,115
1466,4,0,6.1,39,32,87
1467,5,0,3.6,79.3,40,168.5
1468,6,0,2.6,68.7,29,208
1469,7,0,2.8,74,52,186.5
1470,1,0,3,70,32,290.5
1471,2,0,3.4,46.7,43,293.5
1472,3,0,2.5,49.3,43,133
1473,4,0,0.3,56,30,237.5
1474,5,0,1.7,69.7,49,263.83
1475,6,0,2.8,57.7,25,292.12
1476,7,0,6.2,49,24,233.72
1477,1,0,7.3,44.3,34,106.91
1478,2,0,5,70.3,42,242.5
1479,3,0,6.5,42.7,30,210.5
1480,4,0,3.2,94.3,30,129.5
1481,5,0,1.8,82.3,46,153
1482,6,0,2.7,95.7,31,167.5
1483,7,0,3,93,32,133.5
1484,1,0,1.9,88.7,32,150
1485,2,0,4.6,64.7,38,80.5
1486,3,0,6.8,33,31,73
1487,4,0,4,52.3,33,132
1488,5,0,3.1,75.3,37,156
1489,6,0,2.9,97,29,99
1490,7,0,3.2,85.3,30,130
1491,1,0,2.2,95.7,40,200.5
1492,2,0,2.9,97,46,171
1493,3,0,3.6,82,37,211.5
1494,4,0,3.2,85.3,27,319
1495,5,0,4.4,81,24,270
1496,6,0,7.2,70.7,37,207
1497,7,0,6,65.7,24,210
1498,1,0,7.5,51,25,214
1499,2,0,7.9,63.3,43,198
1500,3,0,6.8,53.3,36,97
1501,4,0,7.3,29.7,32,137.5
1502,5,0,9.5,9.7,36,144.5
1503,6,0,7,29.3,37,105
1504,7,0,4.7,41,28,93
1505,1,0,2.9,41,22,76
1506,2,0,3.3,44.3,31,103
1507,3,0,0,61.3,38,118.5
1508,4,0,0.7,53,40,172
1509,5,0,1.4,44,43,168.5
1510,6,0,2.8,44.3,21,205.5
1511,7,0,3.2,45,39,173.5
1512,1,0,2.9,60.3,30,180.5
1513,2,0,3.5,54,29,267
1514,3,0,2.4,72.3,33,221
1515,4,0,3.6,69.3,33,227
1516,5,0,4.5,72.3,44,163
1517,6,0,5.2,79.3,28,160.21
1518,7,0,3.6,80,33,155.1
1519,1,0,3.6,75.7,41,156.94
1520,2,0,5.5,71.7,42,152
1521,3,0,6.2,66.3,35,78.5
1522,4,0,5.8,75.3,43,57.5
1523,5,0,6.4,75.3,32,122.5
1524,6,0,7.5,17,43,51
1525,7,0,8.9,31.3,40,67.5
1526,1,0,8.3,40.7,46,117
1527,2,0,9.6,48.7,37,133.63
1528,3,0,10.5,53,44,241.42
1529,4,0,7.2,56,34,123
1530,5,0,5.9,27.3,37,70.5
1531,6,0,6.3,32.7,39,90
1532,7,0,7.2,38.7,27,122
1533,1,0,7,42.3,50,132
1534,2,0,7,46,48,110.5
1535,3,0,8,47.7,28,177
1536,4,0,8.8,45.7,30,128.5
1537,5,0,9.3,49,39,193
1538,6,0,9.3,57,35,122
1539,7,0,9.9,55,36,124.4
1540,1,0,9.3,66,35,128.18
1541,2,0,7.1,44,50,131
1542,3,0,8.1,39,30,137.5
1543,4,0,10.7,34,36,212
1544,5,0,10.9,45.7,40,150
1545,6,0,10.9,51.3,44,164.5
1546,7,0,8.3,80.3,36,76
1547,1,0,7.9,69.7,39,102
1548,2,0,10.6,64.7,40,154.5
1549,3,0,10.4,69.3,28,119.5
1550,4,0,8.2,77,36,40.87
1551,5,0,11.2,35.7,26,62.76
1552,6,0,12,28,33,48
1553,7,0,8.5,78,37,54
1554,1,0,6.5,76,32,48
1555,2,0,8.1,60.3,39,52.5
1556,3,0,9.6,56,28,110
1557,4,0,7.2,81.3,31,53.5
1558,5,0,9.3,62.3,37,90.13
1559,6,0,12.6,41.3,37,89
1560,7,0,14.5,51,31,97
1561,1,0,13.3,61,37,75
1562,2,0,12.4,62.3,30,110.5
1563,3,0,8.9,70.7,33,67
1564,4,0,12.5,48.3,39,113.5
1565,5,0,13.9,41,35,97.5
1566,6,0,15.7,41.7,38,119
1567,7,0,16.8,43.7,30,106
1568,1,0,14.8,50.3,37,135.5
1569,2,0,10.7,59.7,23,56
1570,3,0,15.8,42,31,67.97
1571,4,0,13.7,45.3,31,93.5
1572,5,0,16.5,43.3,25,91.46
1573,6,0,16.8,46.7,24,148
1574,7,1,18.2,49,29,133
1575,1,1,19.2,44.7,41,106.5
1576,2,0,19.1,58,38,137.5
1577,3,1,14.8,49.3,27,111.5
1578,4,0,17.8,32.7,21,104.5
1579,5,0,18.5,38,34,127.5
1580,6,0,13.1,54,29,137.5
1581,7,0,9.2,59.7,34,64
1582,1,0,7.2,72.3,35,62.5
1583,2,1,9.6,55,38,72.27
1584,3,0,13.4,61.7,28,80.11
1585,4,0,11.4,81.7,24,121.5
1586,5,0,12.4,82.3,32,48
1587,6,0,15.5,69,37,38
1588,7,0,17.3,65.7,30,74
1589,1,0,19,59.3,32,54
1590,2,0,17.7,57.3,35,154.5
1591,3,0,13.8,50,25,110.5
1592,4,0,11,61.3,36,107.5
1593,5,0,13.5,58.7,27,85.5
1594,6,0,11.7,72.7,31,57
1595,7,0,12.5,69.7,17,65.81
1596,1,0,14,54.3,35,72.41
1597,2,0,11.3,77.3,29,76
1598,3,0,11.5,71,35,50.5
1599,4,0,13.7,71.3,29,66.5
1600,5,0,13.6,71.3,31,51
1601,6,0,13.4,74.3,33,21.5
1602,7,0,11.9,77.3,26,22
1603,1,0,13.9,60,29,49.5
1604,2,0,14.5,63.7,24,51
1605,3,0,13,60.3,37,34
1606,4,0,15.4,53.7,33,62.5
1607,5,0,15.5,61,41,80
1608,6,0,15.9,57.7,37,53
1609,7,0,12.4,77.7,28,22
1610,1,0,13.5,57,26,58
1611,2,0,11.1,73.3,31,46
1612,3,0,14.3,46.7,27,81.5
1613,4,0,16.2,53,32,78
1614,5,0,18.7,46.7,33,107.5
1615,6,0,19.3,58.4,36,49
1616,7,0,16.6,78,33,51
1617,1,0,14.2,61.4,40,35
1618,2,0,11.4,76,31,39
1619,3,0,15.1,60.3,31,73
1620,4,0,15.7,58.3,25,74.5
1621,5,0,17.1,50.3,28,66.5
1622,6,0,19.6,51,23,56.5
1623,7,0,19.9,57,23,40.5
1624,1,0,20.3,51.7,36,81
1625,2,0,21.7,53,32,139.5
1626,3,0,21.6,52,24,136
1627,4,0,23.2,53.7,36,169
1628,5,0,24.8,58.7,40,139.88
1629,6,0,22.2,58,39,120.02
1630,7,0,21.1,55.7,27,105.11
1631,1,0,24.6,48.3,38,95.24
1632,2,0,24.3,54.7,37,150
1633,3,0,25.3,58.7,37,201.5
1634,4,0,25.8,54,21,142.5
1635,5,0,25.7,54.3,35,150
1636,6,0,24.4,64.7,36,97
1637,7,0,22.1,63.4,35,108.5
1638,1,0,20.8,55.7,32,101.5
1639,2,0,25.2,45.4,30,125.5
1640,3,0,23.7,61,34,144.5
1641,4,0,22,71.3,32,77
1642,5,0,22.5,63.3,37,105.5
1643,6,0,22,59.7,29,99
1644,7,0,23.8,62.3,20,82
1645,1,0,24.7,63,34,112.5
1646,2,0,23.7,40.3,25,73.5
1647,3,0,22,49.7,27,74.5
1648,4,0,21,46,20,93.5
1649,5,0,22.4,52,31,134.5
1650,6,0,23.3,55.7,27,90.5
1651,7,0,22.2,62.3,22,86.5
1652,1,0,24.3,57.3,35,145
1653,2,0,26.4,57.3,29,128
1654,3,0,27.2,50.3,31,144.5
1655,4,0,28.4,48.3,32,118
1656,5,0,27.2,55.3,27,138.5
1657,6,0,27.1,55,30,128.5
1658,7,0,25.9,67.3,35,115.39
1659,1,0,26.8,34.3,22,89.62
1660,2,0,22.9,45,30,73.5
1661,3,0,23.2,47,25,50.5
1662,4,0,23.5,55.7,27,98
1663,5,0,23.5,61,30,93
1664,6,0,25.6,61.7,18,132
1665,7,0,26.2,63.3,24,105.5
1666,1,0,27.4,60,31,91
1667,2,0,27,59.3,30,71
1668,3,0,25.9,73.7,29,146.5
1669,4,0,23.3,50,35,84
1670,5,0,24.4,43.7,20,91
1671,6,0,24.7,51.7,21,59.5
1672,7,0,25.2,56.3,30,77
1673,1,0,25.7,64,28,73
1674,2,0,27.3,48.7,23,124
1675,3,0,27,49,16,56.5
1676,4,0,26.7,55,23,97
1677,5,0,27,59,28,109
1678,6,0,27.6,58.7,29,103.5
1679,7,0,26.4,67,25,78
1680,1,0,25.4,59.3,26,70.47
1681,2,0,23,62,36,49.5
1682,3,0,20,75.3,21,40.5
1683,4,0,17.6,81.7,18,41.5
1684,5,0,18.4,69.7,32,29.5
1685,6,0,20,69.3,21,38.5
1686,7,0,22.3,62,16,54
1687,1,0,22.1,67,28,58
1688,2,0,21.8,67.3,28,38.5
1689,3,1,22.5,63,21,50
1690,4,0,22.7,56.7,20,43
1691,5,0,21.9,60,17,34.5
1692,6,0,23.4,57,22,65.5
1693,7,0,23.1,60.7,31,66.5
1694,1,0,22,64,22,72
1695,2,0,21.7,59,25,70
1696,3,0,22.2,59.3,21,86
1697,4,0,22.3,63.3,16,89.5
1698,5,0,19.3,79.7,20,35
1699,6,0,19.4,70.1,16,45.5
1700,7,0,21.8,62.7,24,20.5
1701,1,0,23,61.7,24,62
1702,2,0,21.7,70,36,65.5
1703,3,0,22.2,67.3,30,144
1704,4,0,22.9,68.3,24,110.5
1705,5,0,23.8,63.3,30,129
1706,6,0,24.2,69.3,29,151
1707,7,0,24.5,67.7,31,128
1708,1,0,24,67.7,23,138
1709,2,0,22.6,74.7,21,82
1710,3,0,21.2,71.7,24,51.5
1711,4,0,17.9,51,18,59.5
1712,5,0,16.5,55.3,23,53
1713,6,0,18,59,28,53.5
1714,7,0,18.8,54.3,30,59
1715,1,0,19.2,55,20,47.5
1716,2,0,18.8,56.3,20,93.5
1717,3,0,20,54.3,32,71.5
1718,4,0,20.7,59,31,92.5
1719,5,0,20.2,67.7,25,90.5
1720,6,0,16.2,74.3,23,113.5
1721,7,0,16.8,59.7,23,111.56
1722,1,0,19.1,65,29,41.98
1723,2,0,16.2,84,38,65
1724,3,0,17.3,75.7,25,72.72
1725,4,0,18.7,65.7,25,87.5
1726,5,0,19.5,67.7,20,84
1727,6,0,18.2,26.7,27,40
1728,7,0,14.1,78.3,22,54
1729,1,0,15,45.3,25,71.75
1730,2,0,15.3,38.7,31,76.44
1731,3,0,14.3,54.7,32,86.82
1732,4,0,15.8,63.7,29,81.5
1733,5,0,16.1,76.7,47,96
1734,6,0,17.7,71.3,32,77.5
1735,7,0,18.2,75,29,73.5
1736,1,0,16.5,82.3,30,76.93
1737,2,0,16,55.7,36,88.43
1738,3,0,10.9,77,24,91.54
1739,4,0,11.6,74.3,37,67.5
1740,5,0,15.1,62.7,41,62.5
1741,6,0,14.4,72,24,76
1742,7,0,13.8,72.7,37,79
1743,1,0,14.8,62,32,87
1744,2,0,15.7,59.3,41,159.5
1745,3,0,15.5,63.7,38,159
1746,4,0,15.8,75.3,31,168
1747,5,0,16.9,66,31,107.5
1748,6,0,17.5,66,31,113.89
1749,7,0,16.2,70.3,34,115.18
1750,1,0,15.7,70.3,29,116.98
1751,2,0,16.3,69,34,160
1752,3,0,15,73,27,124.5
1753,4,0,14.4,78.3,30,123.03
1754,5,0,14.6,81.3,29,174
1755,6,0,13.6,82.3,30,80.5
1756,7,0,14.9,73,40,69.57
1757,1,0,15.2,71.7,40,106.65
1758,2,0,14.5,73.3,36,190
1759,3,0,14.9,78.7,32,145.5
1760,4,0,14.2,83,32,147
1761,5,0,13.9,82,34,148.5
1762,6,0,13,78,33,135.07
1763,7,0,13.7,74.3,23,69.5
1764,1,0,14.1,70.3,24,147
1765,2,0,13,62.3,30,169
1766,3,0,12.9,55.3,29,204.5
1767,4,1,13.3,57.3,16,190
1768,5,0,12.7,64.7,25,161.5
1769,6,0,10.3,70.3,32,151.59
1770,7,0,8.8,74,25,144.33
1771,1,0,8.7,81.7,31,131.54
1772,2,0,10.1,80.3,30,91.88
1773,3,0,11.2,79,29,108.3
1774,4,0,12,79,26,110.17
1775,5,0,12.3,79,33,148.45
1776,6,0,12.1,68.3,25,144.28
1777,7,0,9.9,78,38,135.34
1778,1,0,11.3,67.3,31,136.53
1779,2,0,9.4,52.7,28,135.68
1780,3,0,6.5,65.7,41,151
1781,4,0,6.6,79.7,26,86
1782,5,0,7.7,79.3,25,66.98
1783,6,0,7.3,78.7,21,121.5
1784,7,0,6,74.7,32,134.75
1785,1,0,7.9,74.3,38,138.51
1786,2,0,6.5,78.3,24,218
1787,3,0,6.3,73,40,242
1788,4,0,4.9,78.3,31,249.5
1789,5,0,8.5,72,41,239
1790,6,0,10,74,29,233.5
1791,7,0,9.9,80,34,270.5
1792,1,0,11.3,80.3,27,293
1793,2,0,10.8,68,37,165.5
1794,3,0,7.5,70,41,214
1795,4,0,3.8,77.3,28,231
1796,5,0,1.4,75,30,170
1797,6,0,5.3,77,30,165.46
1798,7,0,5.8,78,39,68.59
1799,1,0,7.4,74.7,32,99.83
1800,2,0,9,66,24,119.9
1801,3,0,7.9,72.3,34,165
1802,4,0,6.9,76.7,38,136
1803,5,0,3.6,86,30,96
1804,6,1,2.5,82.3,29,103.5
1805,7,0,2.8,74.3,39,127.5
1806,1,0,3.4,71.7,43,222
1807,2,0,8.4,50.3,44,209.5
1808,3,0,7.6,57.7,27,164.32
1809,4,0,8.3,73.7,29,167.5
1810,5,0,8,82,30,198
1811,6,0,6.6,74.3,32,165
1812,7,0,5.2,79.3,32,161.54
1813,1,0,7.7,69.3,35,164.39
1814,2,0,7.4,78.7,30,141
1815,3,0,8.1,65,36,127
1816,4,0,7.8,62,37,140.5
1817,5,0,6.8,52,30,151.1
1818,6,0,7.2,58.7,38,159.76
1819,7,0,5.6,49,36,99.5
1820,1,0,3.3,58.7,39,59
1821,2,1,1.5,73.7,37,66.5
1822,3,1,0.5,73,39,58.5
1823,4,0,0.8,72.7,24,91
1824,5,0,2.1,66.7,26,122
1825,6,0,4,53.7,31,136.5
1826,7,0,3.7,57.7,31,95.5
1827,1,0,1.4,44.3,34,123.31
1828,2,1,0.3,53.3,28,88.5
1829,3,0,-2.2,76,30,120
1830,4,0,-1.6,48.3,43,141
1831,5,0,-0.5,19,45,88.5
1832,6,0,-2.2,20.7,30,95
1833,7,0,-4.4,30.7,29,122.5
1834,1,0,-5.8,31.3,43,66
1835,2,0,-6,58.7,40,149.5
1836,3,0,-6.1,67,35,169
1837,4,0,-5.9,67.7,43,315.5
1838,5,0,-5.3,58,33,310
1839,6,0,-4.4,53.7,42,365.5
1840,7,0,-3.9,58,44,322.34
1841,1,0,-1.9,73.7,59,282.92
1842,2,0,-1,77,47,75.5
1843,3,0,0.3,77.3,42,105
1844,4,0,2.1,69.3,47,79.5
1845,5,0,0.6,75.3,51,113
1846,6,0,1.2,69.7,36,127
1847,7,0,1.8,75.7,31,111
1848,1,0,2.5,77,35,175.5
1849,2,0,1.7,77,39,104.5
1850,3,0,2.7,78,49,159
1851,4,0,4.5,35,42,112
1852,5,0,3.4,62.7,42,112.5
1853,6,0,1.4,78,37,102.5
1854,7,0,-0.2,76.3,33,104.5
1855,1,0,1.6,67,51,180.36
1856,2,0,4.8,67,33,160.53
1857,3,0,1.7,64.7,31,202
1858,4,0,3.6,57.7,48,352.5
1859,5,0,4.8,57.7,36,331.5
1860,6,0,8.1,56,33,140.5
1861,7,0,6.7,54.3,37,154.61
1862,1,0,5.2,70.7,44,165.42
1863,2,0,2.5,67.3,32,132.08
1864,3,0,4.9,65,36,286.5
1865,4,0,3.3,65,34,303
1866,5,0,2.4,86,33,160.5
1867,6,0,3.3,88.7,31,128
1868,7,0,2,88,35,103
1869,1,0,1.3,64.3,50,98
1870,2,0,0.7,36.7,29,124
1871,3,0,0.2,30,32,141.5
1872,4,0,1.2,35.7,39,202.5
1873,5,0,1.5,63,26,197.16
1874,6,0,3.7,25.3,43,160.11
1875,7,0,3.7,48.3,28,160.16
1876,1,0,1.6,56.3,38,159.8
1877,2,0,1,41,41,154.69
1878,3,0,0.8,43,37,152.62
1879,4,0,1.6,49.3,37,151.85
1880,5,0,1.8,55,44,153.57
1881,6,0,3,49.3,35,153.22
1882,7,0,5.6,44.7,28,208
1883,1,0,5.6,53.7,47,276.5
1884,2,0,7.6,57,45,364
1885,3,0,8.3,66,40,450.5
1886,4,0,7.1,78,37,370.5
1887,5,0,8.2,68.3,23,331.5
1888,6,0,6.2,76.3,44,144
1889,7,0,9.1,49.3,30,34
1890,1,0,7.8,71.3,33,81.46
1891,2,0,8.6,69.7,38,109.05
1892,3,0,8.1,77.7,34,34
1893,4,0,8.1,77.7,27,79.45
1894,5,0,11.4,50.3,44,126.5
1895,6,0,9.1,62,27,137.46
1896,7,0,7.9,44.3,38,141.82
1897,1,0,5.6,66.7,25,149.4
1898,2,0,5.8,66,29,97
1899,3,0,8.8,63.7,31,92
1900,4,0,9.5,55.3,35,166
1901,5,0,7.5,70.7,37,160
1902,6,0,3.4,78.3,39,54
1903,7,0,5.5,28,50,61
1904,1,0,6.8,22.7,34,123.5
1905,2,0,9,18,30,88.2
1906,3,0,7.7,26.7,37,129
1907,4,0,4.5,77.7,34,72.5
1908,5,0,5.8,72,32,85.5
1909,6,0,8.4,59,46,72
1910,7,0,10.5,39.3,37,123
1911,1,0,11.3,64.3,34,105
1912,2,0,12,56,39,113
1913,3,0,10.2,70.3,30,111
1914,4,0,10.4,13,41,100
1915,5,0,9.7,35.3,46,115.5
1916,6,0,11.3,36.7,25,113.68
1917,7,0,12.9,57.7,38,118.48
1918,1,0,13.6,56.7,31,120.58
1919,2,0,16.3,64.3,39,123.37
1920,3,0,15.7,56,38,124.45
1921,4,0,17.4,40.3,38,120.6
1922,5,0,14.4,59.7,30,123.77
1923,6,0,11.3,77,31,87.5
1924,7,1,13.3,43,34,53
1925,1,1,11.6,80.7,23,40.5
1926,2,0,13.1,71.3,24,122
1927,3,0,15.3,58.7,35,63.5
1928,4,0,13,60.3,26,98
1929,5,0,11.5,21,35,81
1930,6,0,13.9,18.7,36,79
1931,7,0,13.1,40.3,30,51.5
1932,1,0,12.4,33,28,101
1933,2,0,15.2,22.3,33,102
1934,3,0,13.7,30.3,37,85.92
1935,4,0,12.5,30,36,70.95
1936,5,0,15.7,31.3,40,136
1937,6,0,15.7,40.7,23,153
1938,7,0,16.3,43,30,125
1939,1,0,15.1,51.7,42,169.5
1940,2,0,16.3,42.7,23,152.5
1941,3,0,15.4,64,30,115.5
1942,4,1,12.1,59.7,31,81
1943,5,0,11,76.7,30,90.5
1944,6,0,12.5,56,35,111.5
1945,7,0,13,32.7,29,306.5
1946,1,0,14,17.3,29,198.73
1947,2,0,15.3,36.3,34,86.5
1948,3,1,17.4,36,37,80.5
1949,4,0,17.1,62,27,99
1950,5,0,16.6,37.3,36,65.5
1951,6,0,11.8,54,27,73
1952,7,0,12.8,57,33,45
1953,1,0,12.3,79.7,31,93
1954,2,0,10.8,78.7,39,48
1955,3,0,9.3,76.7,34,58
1956,4,0,12,65.7,34,66.5
1957,5,0,13.1,73.6,36,116
1958,6,0,14.9,50.7,43,108.79
1959,7,0,14.5,79,32,97.18
1960,1,0,14.3,77.3,37,93.57
1961,2,0,16.8,64.3,35,73.5
1962,3,0,18.6,53.7,42,95.5
1963,4,0,18.1,49,26,73
1964,5,0,20.4,28.3,35,93
1965,6,0,16.6,33.3,35,78.32
1966,7,0,17.5,34.3,34,69.88
1967,1,0,15,85.7,33,68.41
1968,2,0,18,64.3,22,87
1969,3,0,18,59,27,77
1970,4,0,17.9,54,22,95
1971,5,0,19.5,55.7,26,115.5
1972,6,0,21.7,51,35,121
1973,7,0,22.2,54.3,25,114.86
1974,1,0,25.1,46.3,32,109.79
1975,2,0,23.3,62.3,29,122.5
1976,3,0,23.3,47.3,36,114.51
1977,4,0,21.9,53.3,28,76.5
1978,5,0,24,50,30,112
1979,6,0,22.8,60.7,29,96
1980,7,0,21.4,54.7,33,47
1981,1,0,23.1,60,31,87.5
1982,2,0,22.6,60,27,100.5
1983,3,0,24,54.3,31,110
1984,4,0,23.6,56.7,23,89.5
1985,5,0,21.9,64,23,113.5
1986,6,0,19.1,61.3,30,106.81
1987,7,0,19.4,31.7,26,83.13
1988,1,0,20.9,49.7,27,88.03
1989,2,0,19.9,28.3,24,56.38
1990,3,0,18.3,58.3,35,90.5
1991,4,0,20.1,65.7,37,76
1992,5,0,20.8,64.7,25,66
1993,6,0,24.1,44,31,58.5
1994,7,0,18.4,61.3,24,61.5
1995,1,0,19.4,45.7,32,71
1996,2,0,19.6,51,27,71
1997,3,0,17.3,65.7,35,73.5
1998,4,0,18.4,47.7,27,56
1999,5,0,20.9,39,26,90
2000,6,0,16.6,79.7,22,43.5
2001,7,0,18.6,42,32,58.37
2002,1,0,22.7,52.3,30,75.27
2003,2,0,22.2,47.3,30,76.5
2004,3,0,22.7,55.7,33,89.5
2005,4,0,23.3,52.3,30,90.5
2006,5,0,21.3,52.7,28,54
2007,6,0,22.8,48.3,24,77
2008,7,0,24.1,54.3,30,67.5
2009,1,0,25,55,37,86.5
2010,2,0,25.8,48,27,92
2011,3,0,24.8,54.3,25,99
2012,4,0,23.1,55.3,16,95.5
2013,5,0,23.9,54.3,30,92.5
2014,6,0,23.6,58,25,86.5
2015,7,0,26.1,51,32,108
2016,1,0,26.3,55.3,24,109.56
2017,2,0,25.4,63,31,114.5
2018,3,0,24.1,62,34,111
2019,4,0,22.9,59.3,32,96.5
2020,5,0,25.2,49.3,29,111.5
2021,6,0,26.7,53.3,31,122
2022,7,0,27.5,53,31,121
2023,1,0,27.9,59,42,140
2024,2,0,25.1,74.7,18,129.97
2025,3,0,24,57.7,32,70.5
2026,4,0,26.1,58.3,23,90.5
2027,5,0,26,60.3,22,92
2028,6,0,26.4,64.3,27,80
2029,7,0,27,29.7,28,57.5
2030,1,0,23.7,47.7,30,60.5
2031,2,0,26.5,52,32,109.5
2032,3,0,27.2,60,23,132
2033,4,0,28.4,61.3,19,160
2034,5,0,29.8,60,17,165
2035,6,0,27.7,67.3,33,104
2036,7,0,27.5,62.3,44,83
2037,1,0,27.2,60,21,76.5
2038,2,0,25.6,65,31,94.5
2039,3,0,25.3,48,15,65.5
2040,4,0,24.4,54,28,79
2041,5,0,25.6,50.7,26,95.35
2042,6,0,25,48.7,23,44.5
2043,7,0,25.3,48.7,21,48.5
2044,1,0,24.4,68,17,53.5
2045,2,0,18.8,63.7,27,40
2046,3,0,22,25.7,23,35.5
2047,4,0,21.9,33,25,45.5
2048,5,0,22.7,55.3,19,54
2049,6,0,22.4,64,25,34
2050,7,0,23.7,59.3,17,41
2051,1,0,25.8,60.7,28,60.5
2052,2,0,27.4,62.7,21,83
2053,3,0,27.9,56,23,101
2054,4,1,27,57.3,29,115.86
2055,5,0,29.3,64.7,18,122.7
2056,6,0,27.2,58,32,87.5
2057,7,0,26.3,39.3,20,71
2058,1,0,24.3,61.3,20,57.5
2059,2,0,25.8,65,28,66.5
2060,3,0,26.7,66.7,26,107
2061,4,0,27,66.3,26,120
2062,5,0,28,54.7,20,67
2063,6,0,26.3,62.7,21,97.36
2064,7,0,23.7,68.7,31,116.05
2065,1,0,19.5,48.7,20,117.31
2066,2,0,22.5,21,18,84.26
2067,3,0,21.7,30.6,21,80.76
2068,4,0,22.2,42.7,15,96.93
2069,5,0,23.5,44.3,17,108.5
2070,6,0,24.3,44.3,25,101
2071,7,0,23.3,56.3,30,70
2072,1,0,23.5,65,20,101.5
2073,2,0,23.1,64,33,71
2074,3,0,23.8,44,20,85.5
2075,4,0,22.1,59.7,17,103.5
2076,5,0,24,47.7,11,119.5
2077,6,0,21.8,50,28,85
2078,7,0,20.8,59.3,24,117
2079,1,0,20.8,58.3,30,142
2080,2,0,19.9,49.3,26,74.5
2081,3,0,20.7,51,25,130
2082,4,0,24.7,53.7,23,142.8
2083,5,0,22.1,60.3,30,214.5
2084,6,0,19.6,70,35,141.5
2085,7,0,20.5,62.7,41,122
2086,1,0,16.6,78,30,127.54
2087,2,0,22,57.7,34,139.91
2088,3,0,21.9,59.3,22,188.5
2089,4,0,22.4,57.7,19,213.5
2090,5,0,23,57.3,27,274.5
2091,6,0,23.3,64.7,33,232
2092,7,0,24.1,60.3,36,177.5
2093,1,0,24.5,56.7,34,246.5
2094,2,0,24.3,59,24,265.5
2095,3,0,23.9,61.7,28,266.5
2096,4,0,23.2,67.7,27,293.5
2097,5,0,22.3,65.7,27,215
2098,6,0,22.3,71,27,314.5
2099,7,0,22.4,69.7,22,314.5
2100,1,0,21.7,71.7,26,323.5
2101,2,0,20.7,72.7,19,303.5
2102,3,0,20.8,71.7,32,366
2103,4,0,21.3,71,31,352
2104,5,0,20.9,70,28,295.25
2105,6,0,20.7,69.7,25,257.92
2106,7,0,20.1,74.3,28,228.96
2107,1,0,22.4,59.7,31,216.84
2108,2,0,20.4,60,31,262.5
2109,3,0,17.4,76.7,29,191.5
2110,4,0,17.3,64.7,28,240
2111,5,0,18.2,66.7,21,304
2112,6,0,17.9,74.7,18,339
2113,7,0,18.2,64.3,21,285.5
2114,1,0,16.1,57.3,28,156
2115,2,0,16.3,77.3,26,155.26
2116,3,0,14.9,63.3,28,282
2117,4,0,14.9,49.3,24,169
2118,5,0,14.7,61.3,37,317.5
2119,6,0,15.7,66.7,31,309
2120,7,0,14,59.7,22,130.5
2121,1,0,12.8,45.3,28,188
2122,2,0,13.3,55,38,181.39
2123,3,0,12.8,62.7,35,180.08
2124,4,0,12.5,54.7,45,206.5
2125,5,0,11.5,44.7,51,201
2126,6,0,11.3,49.7,32,189.18
2127,7,0,11,59,39,299.5
2128,1,0,10,68,32,337.5
2129,2,0,10.2,81.7,41,290
2130,3,0,10.3,82,36,201
2131,4,0,12.7,76.3,32,167.5
2132,5,1,12.5,82.3,36,188
2133,6,0,11.4,64,33,144.5
2134,7,0,10.9,69.3,34,160
2135,1,0,10.7,62.3,33,255.5
2136,2,0,9.1,80.3,32,222.5
2137,3,0,12.4,35.3,23,127
2138,4,0,11.6,53.3,45,276.5
2139,5,0,8.6,71.7,37,273
2140,6,0,9.3,77.3,39,334.5
2141,7,0,9,82,33,215.5
2142,1,0,10.9,70.7,36,201.5
2143,2,0,8.2,80,31,121.5
2144,3,0,7.1,72.3,28,87
2145,4,0,7.9,22,23,146.5
2146,5,0,6.6,38,34,177
2147,6,0,4.3,60.7,34,184.5
2148,7,0,3.4,50.7,34,189.58
2149,1,0,2.9,51.5,26,195.98
2150,2,0,2.9,60,40,128
2151,3,0,2.4,78.3,39,82
2152,4,0,2.4,76.7,40,71.5
2153,5,0,2.5,77.7,26,75
2154,6,0,4.1,77.7,38,115.5
2155,7,0,5.4,77.3,42,145.33
2156,1,0,4.1,78,27,166.89
2157,2,0,4.6,67.3,47,192
2158,3,0,4.1,73.3,35,212.5
2159,4,0,3.6,75,33,219
2160,5,0,2.1,67.3,37,232
2161,6,0,4.3,65,32,257
2162,7,0,6.8,59.7,36,214
2163,1,0,7.6,63,40,249.5
2164,2,0,9.5,68,44,270.5
2165,3,0,9.7,76,40,303
2166,4,0,8.8,81,44,260.27
2167,5,0,8.5,78.3,42,336.5
2168,6,0,8.8,80,36,276
2169,7,1,7.5,81,33,256.5
2170,1,0,7.8,80.3,36,159.5
2171,2,0,7.8,80.3,47,161.36
2172,3,0,6.6,73.3,47,131.5
2173,4,0,5.5,66.3,34,251
2174,5,0,2.6,68.7,34,230
2175,6,0,5.5,47.3,38,248.5
2176,7,0,6.6,57.7,35,319.5
2177,1,0,6.2,60.3,30,286.38
2178,2,0,8.2,41.7,31,301.5
2179,3,0,5.3,75.5,43,319
2180,4,0,1.5,75,39,312
2181,5,0,4.4,49,30,295
2182,6,0,0.9,77.7,26,251.5
2183,7,0,-0.2,76.3,31,166
2184,1,0,0.5,71.7,42,192
2185,2,0,1.7,68.7,28,149
2186,3,1,1.6,79.3,29,91
2187,4,1,1.9,78.3,35,80
2188,5,0,2.6,75,37,92.5
2189,6,0,3.1,78,36,94
2190,7,0,3.6,78.7,22,98
2191,1,0,3.7,77.7,31,73.5
2192,2,0,1.5,74.7,27,61
2193,3,1,2.5,72,29,76
2194,4,0,2.6,76.3,28,97
2195,5,0,2.3,77.3,36,103.5
2196,6,0,2.8,53,48,85
2197,7,0,0.5,62.3,29,131
2198,1,0,1.6,71,48,75
2199,2,0,1.9,59.3,42,237
2200,3,0,2.1,61.7,40,253.5
2201,4,0,2.6,73.3,30,155.5
2202,5,0,0.6,68,34,165.5
2203,6,0,-1.8,70.7,46,180.93
2204,7,0,-1.5,41.7,27,189.38
2205,1,0,0.6,41,31,190.58
2206,2,0,6.7,55.3,42,195.8
2207,3,0,8.1,30,34,202
2208,4,0,8.2,23,38,140
2209,5,0,7,19,34,158.5
2210,6,0,3.6,39,41,177
2211,7,0,5.1,48.3,48,180.71
2212,1,0,8.8,53.7,45,182.9
2213,2,0,4.8,72,52,350
2214,3,0,4.3,67,43,349
2215,4,0,3.3,77.7,33,359
2216,5,0,5.6,45,51,173.5
2217,6,0,5.5,9,32,71
2218,7,0,5,12,41,46.5
2219,1,0,2.8,24,47,165.5
2220,2,0,1.4,40.3,42,244.5
2221,3,0,0.6,74,40,115
2222,4,0,1.8,78.3,49,71.5
2223,5,0,4,76.3,42,50.5
2224,6,0,3,75.7,46,76
2225,7,0,3.5,79.3,48,108.02
2226,1,0,5,70.7,47,139.07
2227,2,0,3.6,49.7,66,155.8
2228,3,0,2.3,58.7,43,146.5
2229,4,0,2.5,46.3,35,183
2230,5,0,2,59,54,232
2231,6,0,-1.2,69,39,121.5
2232,7,0,-1.7,8.3,45,86
2233,1,0,-1.2,23.3,43,148.94
2234,2,0,1.3,39.7,37,267.07
2235,3,0,2.5,48.7,37,251.55
2236,4,0,1.5,58,43,268.79
2237,5,0,1,67.3,44,258.5
2238,6,0,0.1,75.3,45,117
2239,7,0,1.3,74,31,169.5
2240,1,0,0.8,78.3,43,137.5
2241,2,0,1.1,75.7,40,139
2242,3,0,1.7,78,37,170
2243,4,0,3.3,68.3,39,144.5
2244,5,0,3.6,75,39,136
2245,6,0,3.9,63,43,191
2246,7,0,5.2,62.7,30,253.5
2247,1,0,7.2,59.3,41,281
2248,2,0,3.5,30.3,39,125
2249,3,0,1,39.7,34,116.5
2250,4,0,-0.6,35.3,38,151.5
2251,5,0,-0.1,43,27,172
2252,6,0,-1,18,59,118
2253,7,0,3,67.3,34,145
2254,1,0,7.2,58.7,47,240.5
2255,2,0,6.4,72.7,45,303.5
2256,3,0,5.2,73.7,38,193.27
2257,4,0,5.1,73.3,49,232.07
2258,5,0,6.3,66.7,36,273.5
2259,6,0,7.9,63.3,37,215.5
2260,7,0,8.9,68,37,130
2261,1,0,10.5,61.7,46,132.53
2262,2,0,11.6,58.7,42,135.97
2263,3,0,8.3,61,41,142.74
2264,4,0,6,72,29,78
2265,5,0,8.4,59,34,125.5
2266,6,0,10.1,62,28,170.5
2267,7,0,10.8,55.7,29,121.5
2268,1,0,8.3,60.3,50,136.5
2269,2,0,7.9,46.3,33,158.5
2270,3,0,7.7,44.7,31,134
2271,4,0,9.3,43.3,37,203
2272,5,0,5.7,71,48,185.99
2273,6,0,8.4,42.7,32,157
2274,7,0,8.8,40.7,27,99
2275,1,0,6.7,79,29,169
2276,2,0,11.6,34.7,28,138.67
2277,3,0,10,34,32,125.5
2278,4,0,11.6,27.3,33,140.5
2279,5,0,13.5,36.3,32,157
2280,6,0,13.3,60,37,76
2281,7,1,13.6,43,26,57
2282,1,1,14.1,44.7,26,70.5
2283,2,0,15.9,51,39,88.94
2284,3,0,14.3,61.3,38,129.46
2285,4,0,12.6,73.7,38,122.5
2286,5,0,12.6,74.7,30,126
2287,6,0,14.3,60,32,101
2288,7,0,13,71,35,86
2289,1,0,11.6,79,28,85
2290,2,0,13.1,78.3,30,63
2291,3,0,9.7,71.7,30,51.5
2292,4,0,10.6,60.3,44,67
2293,5,0,10.2,80,35,100.5
2294,6,0,7.5,77,32,81.5
2295,7,0,7.4,44.3,29,63.5
2296,1,0,8.4,47,44,110.5
2297,2,0,7.6,77,32,95
2298,3,0,9,75.3,26,128.6
2299,4,0,9.7,77,34,69.5
2300,5,0,10.4,58,36,63
2301,6,0,12.3,26.7,31,47.46
2302,7,0,13.7,25.3,23,34.99
2303,1,0,12,64,29,59.12
2304,2,0,12.5,73.7,33,87
2305,3,0,13.2,84.7,33,80.5
2306,4,0,12.7,82.3,33,52
2307,5,1,13.1,79,28,55
2308,6,0,12.6,74,35,60
2309,7,0,11.1,80,39,58
2310,1,0,13.2,67,43,66
2311,2,0,15.7,61,25,98.5
2312,3,0,18.4,58,29,92.5
2313,4,1,21.2,47.3,27,110.49
2314,5,0,19,60,26,39.78
2315,6,0,18.7,61.3,22,72.55
2316,7,0,14.7,80.3,29,42.5
2317,1,0,14.9,75,25,78.5
2318,2,0,17.9,62.3,32,125.5
2319,3,0,18,59,27,92.5
2320,4,0,18.7,51.3,41,90.5
2321,5,0,18.5,47.7,29,84.5
2322,6,0,20.4,45,38,108.5
2323,7,0,21.7,49,21,93
2324,1,0,22.1,49,38,114.5
2325,2,0,22.6,61.3,24,146.5
2326,3,0,22.4,52,29,95
2327,4,0,20.7,64,40,124.5
2328,5,0,20,66.7,24,94
2329,6,0,22.3,61.3,31,98
2330,7,0,23.4,64,32,141
2331,1,0,24.6,58.7,36,130
2332,2,0,25,49,23,117.59
2333,3,0,24.5,47.3,42,79.5
2334,4,0,24.1,52,39,123.5
2335,5,0,25.4,52,28,142.5
2336,6,0,25.2,56.7,35,112.5
2337,7,0,22.8,61,33,61
2338,1,0,23.5,47.3,29,93
2339,2,0,23.3,60,28,92.79
2340,3,0,22.3,69.3,24,87.19
2341,4,0,15.9,68.7,34,49.5
2342,5,0,14.9,38,26,59.5
2343,6,0,16,43,24,38.92
2344,7,0,16.7,42,32,49.33
2345,1,0,20.6,47.7,25,54.5
2346,2,0,20,57.7,28,60.72
2347,3,0,15.6,77,29,51.5
2348,4,0,17.4,35,23,47.75
2349,5,0,16.3,51,21,52.12
2350,6,0,16.3,62,22,58.21
2351,7,0,19.7,49,31,60.51
2352,1,0,22.1,48.7,33,64.82
2353,2,0,22.5,52,30,93
2354,3,0,22.5,53.7,31,112.5
2355,4,0,18.2,60,28,76.03
2356,5,0,19.3,54,14,100.67
2357,6,0,20.9,66.3,26,76
2358,7,0,21.5,65.7,32,56.87
2359,1,0,21,71.7,32,65.5
2360,2,0,21.6,65.3,27,66
2361,3,0,23.9,58,30,119.5
2362,4,0,22.9,62.7,21,50.5
2363,5,0,24,65.7,26,61.76
2364,6,0,24.4,59.3,25,78
2365,7,0,26.2,61,39,81
2366,1,0,24.4,67.3,34,74.5
2367,2,0,23.6,72.7,30,74
2368,3,0,25.2,61.3,41,115.5
2369,4,0,27,55.7,44,96.5
2370,5,0,27,58.7,31,128.5
2371,6,0,27.6,57.3,31,115.5
2372,7,0,27.9,58.3,34,126
2373,1,0,24.3,59.7,27,91.5
2374,2,0,24.7,54,34,69
2375,3,0,26.2,53.3,23,97.5
2376,4,0,26.7,53.3,33,98
2377,5,0,26.4,58,23,104
2378,6,0,26.5,62.3,21,96.5
2379,7,0,22.1,71.3,25,59.5
2380,1,0,23.5,43.7,29,53
2381,2,0,24.3,48.3,24,70
2382,3,0,21.5,61.7,19,54
2383,4,0,23,54.7,25,74
2384,5,0,24.3,55.7,26,97.5
2385,6,0,21.8,73,15,84
2386,7,0,20.6,67,26,63
2387,1,0,19.1,65,18,51.5
2388,2,0,22,52,17,74.5
2389,3,0,23.6,53.7,27,104
2390,4,0,25.3,58,26,118.5
2391,5,0,21.7,78,19,142.5
2392,6,0,21.3,68.3,24,74.5
2393,7,0,22.3,58.3,18,41.5
2394,1,0,24.4,55,35,56.29
2395,2,0,24.8,56.3,28,66.5
2396,3,0,24.4,58.7,25,89
2397,4,0,24.9,50,29,78.5
2398,5,0,22.5,43.7,16,75.66
2399,6,0,23.3,52.7,28,76.5
2400,7,0,24.9,58.7,35,80.5
2401,1,0,26.9,54.7,31,100
2402,2,0,28,57.3,29,112
2403,3,0,28.2,64,32,137.5
2404,4,0,25.1,72.3,24,95
2405,5,0,26.1,59,17,91
2406,6,0,27.4,64.4,24,108
2407,7,0,28.2,63.7,18,110
2408,1,0,27.6,69,26,117
2409,2,0,26.9,58.3,39,83
2410,3,0,27,64.7,18,91
2411,4,0,27,65.3,22,72.5
2412,5,0,24.1,64.3,24,57.79
2413,6,0,25.2,62.3,30,68.73
2414,7,0,26.6,67,17,89.72
2415,1,0,27,64.7,13,88.81
2416,2,0,24.7,65.3,22,61.44
2417,3,0,25.3,50.7,17,62.35
2418,4,0,24.1,68.7,19,59.61
2419,5,1,25.7,59.3,18,68.73
2420,6,0,26.7,60,24,68.73
2421,7,0,26.7,67.3,30,82.42
2422,1,0,24.8,68.7,20,84.25
2423,2,0,24.1,64.7,24,61.44
2424,3,0,25.4,43.3,16,82.42
2425,4,0,23.4,67.3,19,56.5
2426,5,0,24.2,68.7,22,86
2427,6,0,24.2,64.7,24,73
2428,7,0,18.5,65,27,33
2429,1,0,20.8,46.7,19,40
2430,2,0,21.9,60.3,25,56
2431,3,0,21,74.7,13,66
2432,4,0,20.7,69.3,29,55.09
2433,5,0,20.3,38.7,16,43.88
2434,6,0,18.6,44,18,70.61
2435,7,0,19.9,48.3,24,38.5
2436,1,0,20.6,51.7,21,85.5
2437,2,0,21.5,53.3,23,94
2438,3,0,21.6,56,30,149.5
2439,4,0,22.5,42,21,85
2440,5,0,19.9,56.7,30,72
2441,6,0,21.1,56,39,120.5
2442,7,0,21.8,65,30,102
2443,1,0,22.5,63.7,21,154
2444,2,0,18.6,83,21,85
2445,3,0,19.3,70.3,20,100
2446,4,0,20,61,28,91
2447,5,0,20.4,70.3,28,110.5
2448,6,0,22.4,66.7,31,137.5
2449,7,0,22.2,72.7,33,87
2450,1,0,23,73.7,26,102
2451,2,0,23.4,67.7,31,79
2452,3,0,24.2,69.7,35,150.5
2453,4,0,24.2,72.7,31,98.5
2454,5,0,18.9,83,25,99.5
2455,6,0,18.4,44.3,30,87.5
2456,7,0,20.6,54.3,26,93.5
2457,1,0,21.5,60.3,20,169
2458,2,0,21.9,35,28,200.5
2459,3,0,20.2,70.3,29,191
2460,4,0,18.8,78.3,26,136
2461,5,0,18.5,63.7,24,154
2462,6,0,16.9,66.3,25,112.5
2463,7,0,16.1,72.3,29,113.5
2464,1,0,16.9,55.3,29,132.01
2465,2,0,18.4,56,28,144.1
2466,3,0,14.1,61.3,37,149.2
2467,4,0,14.3,67.7,32,150.69
2468,5,0,15.1,56,21,150.35
2469,6,0,15.8,60.3,17,151.59
2470,7,0,15.7,70.3,33,152.93
2471,1,0,17.1,75,33,150.94
2472,2,0,16.8,73.3,34,152.25
2473,3,0,16.3,73.7,28,157.3
2474,4,0,16.9,71.7,26,163.16
2475,5,0,15.3,60,29,168.29
2476,6,0,14.1,67.3,34,172.35
2477,7,0,13.3,65.7,32,175.53
2478,1,0,14.2,60.7,30,178.81
2479,2,0,13.2,65,30,181.43
2480,3,0,13,64.3,25,183.51
2481,4,0,12.8,57,28,184.75
2482,5,0,11.6,63.3,22,186.92
2483,6,0,11.7,71.7,31,187.93
2484,7,0,10.8,75.3,35,185.97
2485,1,0,7.8,72.3,25,191.56
2486,2,0,10.6,41.7,36,189.03
2487,3,0,12,53,34,190.29
2488,4,0,16.4,56,37,298.5
2489,5,0,12.5,57.3,35,153
2490,6,0,10,77,33,135
2491,7,0,9.3,80.7,38,149.5
2492,1,0,13,27.3,28,175
2493,2,0,11.6,47.3,43,238
2494,3,0,10.9,55.3,27,229.86
2495,4,0,13.7,57,39,278.5
2496,5,0,12.8,68,30,293
2497,6,1,10.8,82,32,291
2498,7,0,10.4,82.7,38,221
2499,1,0,11.4,69.7,37,124.5
2500,2,0,9.5,41.3,38,174
2501,3,0,8.5,54,35,231.5
2502,4,0,9.7,55.7,25,301
2503,5,0,9.5,80,34,452.5
2504,6,0,7.7,71.3,36,450
2505,7,0,8,71.3,41,374.95
2506,1,0,10,73.3,33,321.03
2507,2,0,10.4,71.7,42,288.06
2508,3,0,8.4,82.7,26,259.38
2509,4,0,7.7,79.7,39,246.84
2510,5,0,8.9,82.3,34,212
2511,6,0,9.5,82.7,28,147
2512,7,0,9.5,81.7,33,173.5
2513,1,0,10.1,83,25,225.5
2514,2,0,11.3,82.3,27,219.5
2515,3,0,11.2,76,30,199.5
2516,4,0,10.5,80.3,26,312.5
2517,5,0,9.2,82,34,137.5
2518,6,0,9.5,81.3,34,181
2519,7,0,8.9,81,37,189.73
2520,1,0,10,62.7,24,222.5
2521,2,0,9.7,55.7,29,304.5
2522,3,0,10,65.3,31,287.96
2523,4,0,10.6,55,27,379.5
2524,5,0,9.2,61,37,238
2525,6,0,8.2,57,35,187.5
2526,7,0,6.2,62.7,31,228.5
2527,1,0,6,63,31,377.5
2528,2,0,6.8,60.6,31,445.5
2529,3,0,6.6,59.7,35,472.5
2530,4,0,7.8,57.6,44,418.5
2531,5,0,7.7,64,36,520
2532,6,0,7.1,62.6,36,350
2533,7,0,6.2,74.6,22,351.5
2534,1,1,6.9,75.3,34,400.5
2535,2,0,6.5,82,30,250
2536,3,0,7,77,34,310
2537,4,0,3.9,78.6,29,264.5
2538,5,0,2.4,71,32,226
2539,6,0,2.8,74.3,31,242.1
2540,7,0,3.4,77,31,251.92
2541,1,0,3.7,79.7,24,256.4
2542,2,0,2.9,76.3,37,235
2543,3,0,7.3,33.3,29,184
2544,4,0,7.5,36.3,35,242.5
2545,5,0,7.1,28.3,33,234
2546,6,0,6.7,34.3,26,133.5
2547,7,0,4.6,45,41,119
2548,1,0,6.2,20.7,36,128.5
2549,2,0,5.5,14.7,37,99.5
2550,3,0,3,26,45,207.5
2551,4,1,1.1,26.7,44,143.5
2552,5,1,1.5,35.3,43,135.5
2553,6,0,3.9,36,35,154
2554,7,0,7,30,35,101.5
2555,1,0,8.3,49.3,38,107.5
2556,2,0,7.7,63.3,28,321.5
2557,3,0,5.4,73,35,409
2558,4,1,2.6,80,40,474
2559,5,0,3.2,80.7,39,279
2560,6,0,7.9,24.3,38,129
2561,7,0,0.7,76,31,174.5
2562,1,0,1.2,65,33,222.5
2563,2,1,0,69,30,225.5
2564,3,0,6.6,5.7,41,136.5
2565,4,0,2.3,52.3,45,185
2566,5,0,0.6,54,38,315.5
2567,6,0,-0.5,84.7,39,224.5
2568,7,0,1.4,66.3,36,208
2569,1,0,-2.6,54,44,225
2570,2,0,-2.9,73.3,22,173.5
2571,3,0,-0.9,80,34,187
2572,4,0,1.6,83,38,140.5
2573,5,0,2.4,83.3,38,143.5
2574,6,0,4.8,65.3,32,242
2575,7,0,5.5,57.7,42,217.5
2576,1,0,5.2,60.3,35,309
2577,2,0,6,58,31,266
2578,3,0,3.5,68.3,30,402.5
2579,4,0,1,66,34,340
2580,5,0,1.9,64,33,410.5
2581,6,0,4.2,47,34,313
2582,7,0,3.9,68.7,38,344
2583,1,0,4.7,70,36,305.5
2584,2,0,3.2,79,30,275
2585,3,0,4.6,72.3,33,371
2586,4,0,4.6,83,34,381
2587,5,0,1.4,51.7,30,223.5
2588,6,0,-0.4,37,34,240.5
2589,7,0,0,58.3,40,303.5
2590,1,0,0.5,63,28,494.5
2591,2,0,0.7,68.3,37,529.5
2592,3,0,3.1,67.7,29,485
2593,4,0,5.5,61.3,28,471
2594,5,0,5.9,62.3,16,449
2595,6,0,8.6,64.3,37,325.5
2596,7,0,6,77.3,28,383.5
2597,1,0,5.4,78,35,396
2598,2,0,4.8,87.7,42,238
2599,3,0,5.3,86.3,41,148
2600,4,0,5.3,85.7,30,165
2601,5,0,6.6,86,28,183.21
2602,6,0,9.4,80,32,219
2603,7,0,8.9,82,32,152.5
2604,1,0,6.9,85.3,47,114.5
2605,2,0,4.7,85.3,36,86
2606,3,0,4.1,82,33,134
2607,4,0,2.8,85,33,114
2608,5,0,4.8,85.3,25,126.5
2609,6,0,5.6,61.3,26,142.5
2610,7,0,6.1,62.7,33,183
2611,1,0,6.6,47,29,207.69
2612,2,0,4.8,60.7,36,207.5
2613,3,0,4.4,50.3,24,224.88
2614,4,0,4.9,54,30,336.73
2615,5,0,6.4,56.7,39,382
2616,6,0,8.8,61.3,31,355
2617,7,0,9.6,65.6,32,481
2618,1,0,12.3,73,36,370.5
2619,2,0,10.5,33.3,38,191.36
2620,3,0,0.5,45.6,24,206.02
2621,4,0,2.2,50,29,201.5
2622,5,0,2.1,52.7,40,215.5
2623,6,0,3.3,50.7,23,274
2624,7,0,2.4,54,33,223.5
2625,1,0,2.9,56.3,34,238.5
2626,2,0,3,59.3,33,309.5
2627,3,0,4.8,57,34,294.73
2628,4,0,5.8,48,30,288.5
2629,5,0,7.5,47,32,272.8
2630,6,0,5.6,46.3,37,246.5
2631,7,0,4.5,46.6,31,197.5
2632,1,0,6.7,29.3,42,272.5
2633,2,0,7.9,29.7,42,154.5
2634,3,0,6.2,75.7,32,232
2635,4,0,8.3,64.7,47,242.5
2636,5,0,9,16.6,29,138.5
2637,6,0,7.8,34.3,34,132
2638,7,0,8.6,53.3,27,151.5
2639,1,0,11.1,42.3,31,233.5
2640,2,0,12.4,50.3,25,188
2641,3,0,11,79.3,33,178
2642,4,0,12.5,71.6,31,166
2643,5,0,13.1,82,39,265.5
2644,6,0,11.3,88.6,32,146
2645,7,0,9.9,64.3,36,93.5
2646,1,0,10.7,29.7,24,107
2647,2,0,9.5,9,33,108
2648,3,0,8.6,39.3,28,168
2649,4,0,9.9,43.6,38,205
2650,5,0,9.5,80.3,34,123.5
2651,6,0,11.3,85.3,39,144
2652,7,0,10.8,70,29,93
2653,1,0,13.5,71.8,38,105.5
2654,2,0,14.9,77,31,142.21
2655,3,0,13.2,82.7,25,146.52
2656,4,0,11.9,90,29,119
2657,5,0,12.9,80.3,41,111.5
2658,6,0,17,32.3,31,115.4
2659,7,0,14.7,65,23,135.93
2660,1,0,12,54.3,43,148.15
2661,2,0,14,45,27,142
2662,3,0,14.3,52.7,37,197.5
2663,4,0,14.6,53.7,29,226.5
2664,5,0,16,50.3,38,217
2665,6,0,16.7,66.3,33,149
2666,7,1,16.2,69,23,117.85
2667,1,1,17.1,69.3,25,133.96
2668,2,0,17,47.7,25,140.85
2669,3,0,17.3,44,21,133.36
2670,4,0,18.8,42.3,32,139.23
2671,5,0,18.7,48.3,29,143.31
2672,6,1,16.7,52.3,20,188
2673,7,0,18,45.7,27,118.5
2674,1,0,17.7,69.7,33,205.5
2675,2,0,15.5,50.3,33,169.5
2676,3,0,17.4,44.7,23,198.5
2677,4,0,17.7,52.7,33,228
2678,5,1,19.7,55.3,31,203.58
2679,6,0,21.9,55.3,31,188.13
2680,7,0,16,66,28,112.5
2681,1,0,9.2,65,27,70.5
2682,2,0,10.9,57.3,34,98
2683,3,0,13.9,54.7,31,127.5
2684,4,0,19,25,38,135
2685,5,0,18.2,35.3,29,117
2686,6,0,19,47.3,21,159
2687,7,0,16.9,63,27,80.5
2688,1,0,17.9,78,29,116.5
2689,2,0,14.9,87.3,35,119.5
2690,3,0,14.3,61.7,34,106
2691,4,0,15.6,30.3,32,95.5
2692,5,0,14.2,61.3,35,109
2693,6,0,15.4,54.3,30,88.5
2694,7,0,12.9,79.7,22,47
2695,1,0,12.9,89.7,24,105
2696,2,0,13.8,80.7,29,66.5
2697,3,0,15.4,73,30,101
2698,4,0,17.7,21.7,22,122.5
2699,5,0,15.9,43,38,142.21
2700,6,0,18,38,36,135.31
2701,7,0,18.4,51,20,105
2702,1,0,21.1,53.3,31,157
2703,2,0,20.4,62.3,31,172.59
2704,3,0,20.8,69,34,151.61
2705,4,0,19.7,69,42,121.5
2706,5,0,19.5,59,38,134.27
2707,6,0,21.2,44.3,33,137
2708,7,0,21.4,54.7,31,86.5
2709,1,0,21.2,65.3,30,101.05
2710,2,0,21.9,62.3,27,122.5
2711,3,0,21.3,70,31,125.13
2712,4,0,17.5,85.7,26,88.5
2713,5,0,21.1,41.7,32,80
2714,6,0,22.5,59.3,35,121.5
2715,7,0,21.8,70,30,63.5
2716,1,0,19.2,85.7,28,86.5
2717,2,0,19.7,54,26,117.5
2718,3,0,19,55.7,31,98
2719,4,0,22.1,47.3,29,118
2720,5,0,24.4,55.3,21,146.3
2721,6,0,23.7,74.8,26,135.5
2722,7,0,25.5,64.7,23,123
2723,1,0,23.2,67.3,29,194
2724,2,0,21.7,43,26,166.27
2725,3,0,20.1,45,22,86.5
2726,4,0,20.2,54,28,102.5
2727,5,0,15.6,85.3,22,79.5
2728,6,0,17,68.7,27,62
2729,7,0,22.3,55.3,29,84.05
2730,1,0,24.4,50.3,28,96.28
2731,2,0,23.9,51.7,27,111.5
2732,3,0,24.7,53,34,105
2733,4,0,24.8,57.7,27,103.5
2734,5,0,21.3,82.7,33,97.28
2735,6,0,22.5,66.3,21,74.5
2736,7,0,25.7,63,24,93.88
2737,1,0,29.2,58.3,33,101.21
2738,2,0,29,64.7,26,162
2739,3,0,29.7,64.3,43,194.5
2740,4,0,30.6,57.3,42,128
2741,5,0,28.3,66.7,34,127.5
2742,6,0,27.7,67.7,26,91.5
2743,7,0,28.4,62,38,104
2744,1,0,26.2,71,33,113.11
2745,2,0,26,59.7,31,138.5
2746,3,0,25.4,76.3,30,160.1
2747,4,0,24.8,76.3,28,146.3
2748,5,0,25.2,66.3,35,118.71
2749,6,0,25.8,61.3,23,101.46
2750,7,0,27.5,64,23,107.5
2751,1,0,28,62,28,113.54
2752,2,0,28.6,66.7,40,158.5
2753,3,0,28.7,63.7,28,123
2754,4,0,25.4,73.3,29,120
2755,5,0,24,82.3,24,72.5
2756,6,0,25,82.3,21,81.68
2757,7,0,25.1,72.3,16,95.71
2758,1,0,26.1,61,12,105.42
2759,2,0,25,66,27,111.71
2760,3,0,23.9,64.3,23,82
2761,4,0,25.3,63,10,128
2762,5,0,26.9,70,25,120
2763,6,0,28.8,63,21,122.68
2764,7,0,25.7,47.3,22,146
2765,1,0,22.4,54,20,84
2766,2,0,26.2,50,21,76
2767,3,0,24.4,67,21,106
2768,4,0,21.4,88.7,18,106
2769,5,0,23.6,70.3,26,116.24
2770,6,0,24.2,59.7,24,74.5
2771,7,0,25.9,50.7,22,51
2772,1,0,25.7,65.3,22,67
2773,2,0,25.1,72.3,15,56
2774,3,0,20.8,67,26,84.22
2775,4,0,19.2,60.3,11,50.59
2776,5,0,17.4,85.3,21,82
2777,6,0,21.5,66.7,24,81.5
2778,7,0,23.3,75,12,98.34
2779,1,0,24.9,67.3,19,92
2780,2,0,24.2,78,25,96.5
2781,3,0,24.9,73.7,32,110.5
2782,4,0,25.9,69,19,113.5
2783,5,0,25.6,72.3,17,140
2784,6,1,26.7,77.7,27,126.5
2785,7,0,25.8,74.7,20,123
2786,1,0,27,68.3,25,103
2787,2,0,26.9,61.3,28,117
2788,3,0,27.7,61.3,20,125.5
2789,4,0,27.7,67.7,30,117.5
2790,5,0,26.7,69,29,95.5
2791,6,0,25.5,69.7,21,95
2792,7,0,23.8,76,22,91.5
2793,1,0,20.5,95.3,14,82
2794,2,0,19.5,71.7,21,81.09
2795,3,0,20.8,62.3,21,116.68
2796,4,0,19.5,77,18,110.29
2797,5,0,22,78.9,30,124.5
2798,6,0,22.7,78,15,106.5
2799,7,0,23.9,77.2,24,129
2800,1,0,24.8,76.3,24,157.5
2801,2,0,24.6,73.3,26,200
2802,3,0,24.7,63.3,18,150
2803,4,0,21.6,79.7,23,140.92
2804,5,0,23.4,66,30,185.5
2805,6,0,22.7,69,26,172.5
2806,7,0,21.8,68.3,24,98.5
2807,1,0,22.1,67.9,24,78.5
2808,2,0,22.9,67.8,22,165.5
2809,3,0,21.3,67.7,17,123.5
2810,4,0,21.9,68,24,110.5
2811,5,0,22.9,70.3,30,233.64
2812,6,0,23.3,72.3,24,252.8
2813,7,0,24.5,72.7,19,222.69
2814,1,0,25,71.7,24,223.61
2815,2,0,25.6,74.7,21,188
2816,3,0,25.1,77.7,29,335
2817,4,0,25.9,71.3,25,297.5
2818,5,0,26.5,63.3,22,258
2819,6,0,26.2,65.3,26,247.5
2820,7,0,24.4,75,32,151.5
2821,1,0,23.9,74.3,23,199
2822,2,0,24.4,68.3,27,241.5
2823,3,0,23,75.3,29,263
2824,4,0,21.3,75,19,174
2825,5,0,21.7,69,27,207.5
2826,6,0,20.9,78.3,26,114
2827,7,0,21.8,61,18,116.5
2828,1,0,14.2,68,26,109
2829,2,0,14.8,55.3,36,122
2830,3,0,14.4,52,30,124.5
2831,4,0,13.9,46.7,24,150
2832,5,0,13.5,56.7,31,171.5
2833,6,0,14.1,49.3,37,130
2834,7,0,13.8,66,33,156.5
2835,1,0,13,89.3,14,126.5
2836,2,0,13.8,91,28,148
2837,3,0,16.5,75.3,22,190.5
2838,4,0,15.8,78,30,166.5
2839,5,0,15.8,56.8,42,195.5
2840,6,0,16.2,81.7,26,105.5
2841,7,0,17.1,90,33,49.5
2842,1,0,14.5,85,21,95
2843,2,0,14.2,60,38,186
2844,3,0,14.4,82,32,168.5
2845,4,0,14.9,91.3,28,107
2846,5,0,17.3,89,29,211.5
2847,6,0,15.8,83.7,29,191.4
2848,7,0,15.2,56.7,27,191.36
2849,1,0,17.4,63,37,192.47
2850,2,0,14.2,70.7,33,270
2851,3,0,13.8,83,33,288
2852,4,0,14.1,87.7,33,336
2853,5,0,16.1,91,38,273.39
2854,6,0,13,89.7,27,234.88
2855,7,0,14.5,85.7,30,210.56
2856,1,0,15.4,89.7,34,354.5
2857,2,0,14.1,86.7,30,162.5
2858,3,0,12.1,65.7,25,179.5
2859,4,0,12.8,83.7,35,172.33
2860,5,0,13.3,84.7,31,147.5
2861,6,0,15,78.7,33,159
2862,7,1,15.1,80.7,26,163
2863,1,0,13.1,82.3,37,164.36
2864,2,0,12.4,69.7,30,177.53
2865,3,0,11.2,68.3,27,187.05
2866,4,0,10.6,62.3,35,195.74
2867,5,0,8.4,80.3,26,193.68
2868,6,0,10.6,75.7,34,195.28
2869,7,0,8.4,85.3,27,189.71
2870,1,0,12.3,82.3,36,327
2871,2,0,13.6,90.3,33,258
2872,3,0,13.6,85.7,22,278.5
2873,4,0,13.8,90,26,312.5
2874,5,0,12.1,87.7,17,306
2875,6,0,11.9,81.7,35,270
2876,7,0,12.1,67.7,28,145.5
2877,1,0,9.7,62.3,32,223.5
2878,2,0,7.9,65.7,38,289
2879,3,0,6.1,81,24,400.5
2880,4,0,5,79.3,27,340.36
2881,5,0,8.6,38,38,209.5
2882,6,0,9.4,30.3,29,182.5
2883,7,0,7.9,41.7,32,143.5
2884,1,0,5.9,83,35,131.61
2885,2,0,5.3,89.7,42,121.5
2886,3,0,5.9,88.5,29,101.5
2887,4,0,6.6,87.1,22,135
2888,5,0,7.1,85.7,31,179
2889,6,0,6.1,85,24,227.5
2890,7,0,6.5,87,23,219.67
2891,1,0,6.5,84.3,30,214.47
2892,2,0,6.3,87.7,24,179.5
2893,3,0,6.1,68.7,33,186.5
2894,4,0,5.1,67.3,30,144
2895,5,0,3.1,72.3,36,168
2896,6,0,2.9,88,22,126.5
2897,7,0,4,80.7,29,102.5
2898,1,0,5.4,86,24,164.5
2899,2,1,5.9,88.3,24,172
2900,3,0,7,49,32,115
2901,4,0,2.6,43.3,39,151.5
2902,5,0,4.3,64.3,30,205.5
2903,6,0,5.4,67.7,34,288
2904,7,0,6,55.3,39,209.5
2905,1,0,6,81.3,45,197.5
2906,2,0,7,69.3,34,268
2907,3,0,7.6,73.3,35,401.5
2908,4,0,6.1,67.7,34,339
2909,5,0,6.4,72.7,37,426
2910,6,0,8.2,88,44,336
2911,7,0,6.5,86.3,32,252
2912,1,0,5.3,83.7,36,263.5
2913,2,0,2.4,88.3,34,245.5
2914,3,0,3.7,70.7,28,249.5
2915,4,0,3.5,83.3,34,180
2916,5,1,6.2,80,25,182.5
2917,6,1,7.9,72.7,32,172.5
2918,7,0,7.4,71.7,40,241.5
2919,1,0,8.1,66.3,35,204
2920,2,0,3.6,89.7,29,207.5
2921,3,0,4.7,96,28,126
2922,4,0,5.3,88.7,30,130
2923,5,1,6.6,88,26,165
2924,6,0,6.3,85.3,48,130
2925,7,0,5.6,89.7,33,117.5
2926,1,0,6.9,80,33,167.5
2927,2,0,5.9,85.3,29,207
2928,3,1,5.3,90.7,27,203.06
2929,4,0,7.8,85.7,32,207
2930,5,0,8.1,46.4,24,222.5
2931,6,0,7.1,52.9,32,227
2932,7,0,5.7,69.5,31,213
2933,1,0,5.3,75.2,28,326
2934,2,0,6,73.9,16,361
2935,3,0,7,82,28,321.5
2936,4,0,5.4,90,29,283.59
2937,5,0,3.4,99.3,34,103.5
2938,6,0,6.1,89,26,134.05
2939,7,0,6.5,90.7,30,148.4
2940,1,0,6.4,90.7,26,158.96
2941,2,0,8.4,76,38,207
2942,3,0,7.9,96.3,37,191
2943,4,0,7.5,91,26,144
2944,5,0,6.1,87,24,230.5
2945,6,0,8.5,39.7,31,104
2946,7,0,5.6,46.3,24,148.16
2947,1,0,3.3,89.7,36,158.05
2948,2,0,3.9,95.7,41,197.5
2949,3,0,5,94.6,22,240.5
2950,4,0,5.9,94.7,30,243.5
2951,5,0,6,99.7,28,163.5
2952,6,0,6.6,84.7,28,150
2953,7,0,7.2,43.3,21,81
2954,1,0,6.2,40,33,202
2955,2,0,3.9,82.3,24,163
2956,3,0,4.4,81.3,27,234.5
2957,4,0,4.4,86.3,30,215
2958,5,0,5.6,84,32,233
2959,6,0,5.4,96,23,172
2960,7,0,6.2,90.7,23,148
2961,1,0,6.2,79.7,34,248.5
2962,2,0,8.3,40.7,31,150
2963,3,0,7.4,50.7,29,204.5
2964,4,0,7.7,41,27,164.5
2965,5,0,6.2,82.7,33,149
2966,6,0,9,39.3,21,104
2967,7,0,7.3,40,30,145
2968,1,0,7.8,41.3,29,261.5
2969,2,0,8.5,43,26,298
2970,3,0,8.8,50.7,26,258.5
2971,4,0,7.8,67.7,36,257
2972,5,0,9,67,40,241.28
2973,6,0,8.6,55.3,28,264
2974,7,0,7.2,46.3,29,166
2975,1,0,8.3,50.3,30,214
2976,2,0,5.5,64.7,33,276.5
2977,3,0,6.9,53.7,21,257.25
2978,4,0,6.2,36.7,32,136
2979,5,0,6.1,36.3,20,123
2980,6,0,5.9,36.3,36,144.5
2981,7,0,7.2,48.3,34,174
2982,1,0,8.3,43.7,34,175.82
2983,2,0,6.5,36.7,37,173.26
2984,3,0,7.2,36.7,47,102.5
2985,4,0,6.3,36.3,38,167.5
2986,5,0,7.1,46.3,39,168
2987,6,0,5.6,83.3,31,133
2988,7,0,6.6,58,28,167
2989,1,0,8.5,54.7,39,169.5
2990,2,0,7.7,35.7,34,126
2991,3,0,7.4,37,35,139.18
2992,4,0,7.4,36,35,144.7
2993,5,0,9.5,35.3,35,220
2994,6,0,10.9,40,29,189.5
2995,7,0,12.5,45.7,26,103
2996,1,0,12.6,45.7,44,148
2997,2,0,12.4,50.7,29,155
2998,3,0,11.8,58.3,39,160.5
2999,4,0,13.5,40,40,115.5
3000,5,0,13.8,34.3,43,153.5
3001,6,0,9.9,45,28,170.5
3002,7,0,11,39.7,33,161.5
3003,1,0,9.8,87.3,51,227.5
3004,2,0,10.9,76.7,35,170
3005,3,0,12.7,52,31,168
3006,4,0,14.2,36,29,108
3007,5,0,12.7,47.7,43,122.94
3008,6,0,15.6,32.3,24,108
3009,7,0,13.2,33,22,68
3010,1,0,13.5,36.6,28,86
3011,2,0,12,39,30,141
3012,3,0,7.8,73,30,95.5
3013,4,0,8.4,59.2,33,76
3014,5,0,10.7,59,27,114
3015,6,0,10.3,63.3,32,117
3016,7,1,10.5,65,24,104.5
3017,1,1,10.2,80,26,93.5
3018,2,0,13,57.3,36,122
3019,3,0,10.9,83.3,29,129
3020,4,0,10.4,87.3,35,104.5
3021,5,0,13.3,63.7,27,120.5
3022,6,0,14.2,65.3,41,113
3023,7,0,15.5,56,34,84
3024,1,0,13.6,61,24,143.5
3025,2,0,12.1,82,19,161.5
3026,3,0,13.7,71.7,31,105.5
3027,4,0,15.6,40.3,28,155
3028,5,0,12.7,37,32,123.5
3029,6,0,13.2,44,29,160
3030,7,0,13.7,56.3,31,173.5
3031,1,0,16.4,47.7,42,224.5
3032,2,0,18.5,37.3,19,178.5
3033,3,0,17,53.7,32,161.5
3034,4,0,18.6,45.7,29,189
3035,5,0,19.4,40,24,176.5
3036,6,0,17.3,50.7,33,149
3037,7,0,13.6,61.3,23,118
3038,1,1,12.9,41,31,120.08
3039,2,0,13.9,50.3,32,121.09
3040,3,0,15.5,46.3,25,163.5
3041,4,0,14.1,60,30,148.5
3042,5,0,14.9,65,25,140
3043,6,0,14.6,73.3,30,103
3044,7,1,16.5,62,45,98.5
3045,1,0,15.6,64.7,26,131
3046,2,0,16,66.3,38,120.5
3047,3,0,15,63,29,113.5
3048,4,0,16.5,64,32,109.5
3049,5,0,19.9,53.3,15,185.5
3050,6,0,21.6,49,26,169
3051,7,0,20.1,57.7,29,130.5
3052,1,0,21.3,38,38,163
3053,2,0,20.2,55.7,29,190
3054,3,0,17.5,68,33,181.95
3055,4,0,14.3,65.3,28,100.89
3056,5,0,14.3,74.7,26,131.93
3057,6,0,18.3,57.7,22,130.91
3058,7,0,19.2,59.7,33,127.65
3059,1,0,20.3,61,27,126.23
3060,2,0,18.2,63.7,25,124.4
3061,3,0,17.4,70.7,35,122.96
3062,4,0,16.1,76,22,117.19
3063,5,0,17.2,68.3,23,119.06
3064,6,0,17.9,54.3,31,118.22
3065,7,0,17.4,51.3,31,116
3066,1,0,18.6,36.7,32,107.46
3067,2,0,20.7,39,38,106.55
3068,3,0,23.4,34,24,101.03
3069,4,0,23.3,34,23,97.32
3070,5,0,19.6,50,31,102.53
3071,6,0,16,78,23,100.68
3072,7,0,17.1,70,20,106.9
3073,1,0,18.6,58,33,110.93
3074,2,0,20.1,47.3,29,110.56
3075,3,0,21.9,42.7,18,111.57
3076,4,0,22.6,38.3,31,109.1
3077,5,0,23.1,37.3,32,106.57
3078,6,0,20.9,49,31,108.27
3079,7,0,14.4,62.3,22,110.55
3080,1,0,14.8,70,37,111.73
3081,2,0,13,80,27,102.13
3082,3,0,17.2,57,24,106.53
3083,4,0,20.1,40,29,104.48
3084,5,0,21.4,44.3,28,106.69
3085,6,0,22.3,38,24,104.35
3086,7,0,20.7,57,33,109.49
3087,1,0,22.8,45.3,28,111.38
3088,2,0,20.6,57.3,33,118.39
3089,3,0,22.4,40.3,22,109.56
3090,4,0,23.1,49,30,118.85
3091,5,0,20.1,60,31,118.73
3092,6,0,18.2,60.3,27,114.99
3093,7,0,21.7,44.7,23,113.79
3094,1,0,24,40.7,25,112.26
3095,2,0,21.8,52.7,20,117.58
3096,3,0,23.6,44,30,116.16
3097,4,0,25.1,40.3,28,112.66
3098,5,0,20.7,75.3,30,119.61
3099,6,0,20.5,60.3,28,119.3
3100,7,0,21.7,51,30,116.54
3101,1,0,21.7,51,23,116.55
3102,2,0,22.1,48.7,28,116.5
3103,3,0,23.5,47,28,118.14
3104,4,0,23.7,48.3,26,119.01
3105,5,0,20.3,72.3,31,124.11
3106,6,0,23.6,45.3,23,117.38
3107,7,0,20.4,66.7,17,125.54
3108,1,0,19.9,68,24,125.5
3109,2,0,24.3,56.7,32,123.91
3110,3,0,26.4,45,22,120.36
3111,4,0,25.5,43.7,30,118.47
3112,5,0,25.8,41.3,25,115.61
3113,6,0,26,44.3,29,119.75
3114,7,0,26.5,41,32,115.95
3115,1,0,27.3,40.3,29,115.57
3116,2,0,24.9,46,30,120.53
3117,3,0,24.6,50,25,122.07
3118,4,0,26.5,43.7,24,120.31
3119,5,0,22.6,51,32,119.96
3120,6,0,22.7,37.3,11,105.52
3121,7,0,23.7,39,24,110.76
3122,1,0,25.5,32.7,20,97.83
3123,2,0,26.4,34.3,21,103.25
3124,3,0,27,46.3,19,124.13
3125,4,0,28.1,42,33,121.04
3126,5,0,29.2,41,35,120.88
3127,6,0,29.1,41,25,121.03
3128,7,0,27.3,40.7,32,119.07
3129,1,0,27.3,36.3,33,110.54
3130,2,0,28.9,33,33,103.82
3131,3,0,29.1,37.3,32,189.49
3132,4,0,28,49.7,44,164.48
3133,5,0,27.3,61,31,140.34
3134,6,0,25.9,59,29,127.41
3135,7,0,25.6,53.3,34,128.43
3136,1,0,27.1,52,36,125.74
3137,2,0,27,60.3,35,157.59
3138,3,0,27.5,54,19,139.48
3139,4,0,21.6,86.3,22,118.78
3140,5,0,23.2,69,23,122.23
3141,6,0,24,53,26,110.16
3142,7,0,25.5,56,23,114.47
3143,1,0,27,52.3,30,111.02
3144,2,0,27.6,55,19,131.72
3145,3,0,27.9,57.7,22,137.75
3146,4,0,27.7,56.3,23,136.03
3147,5,0,27,62,16,135.93
3148,6,0,27.6,60,20,134.75
3149,7,0,28.5,57.3,20,108.44
3150,1,1,28.8,60.7,35,127.41
3151,2,0,27.9,57,22,112.75
3152,3,0,27.9,55.3,28,98.95
3153,4,0,28.1,56,21,94.64
3154,5,0,27.6,55.3,32,115.33
3155,6,0,25.4,74.7,19,132.58
3156,7,0,23.6,48.3,14,100.68
3157,1,0,18.9,75.3,22,82.57
3158,2,0,20.8,59.3,17,94.64
3159,3,0,21.4,63.3,17,85.15
3160,4,0,21.9,69.7,29,139.48
3161,5,0,20.6,54.3,21,75.67
3162,6,0,23.2,53.3,27,122.5
3163,7,0,24.2,67.3,25,106
3164,1,0,22.1,81,17,126.5
3165,2,0,21.9,72.3,26,106
3166,3,0,22.9,71,27,118
3167,4,0,22.7,76.7,26,133.41
3168,5,0,22.3,60,26,91
3169,6,0,20.8,43.7,17,86.5
3170,7,0,22.1,61,16,98.5
3171,1,0,23.5,69,19,137.5
3172,2,0,26.4,52.3,22,137.5
3173,3,0,23.1,65.7,32,129
3174,4,0,21.7,49,30,117
3175,5,0,21,59.3,25,148.93
3176,6,0,22,58,16,131.68
3177,7,0,22.5,50,24,113.58
3178,1,0,21.6,69,25,141.17
3179,2,0,19.6,77,33,175.66
3180,3,0,15.8,71.3,23,75.64
3181,4,0,15,75.3,24,93.5
3182,5,0,15.1,73,19,103.5
3183,6,0,16.9,54.3,19,89.5
3184,7,0,18.6,38.3,27,95.5
3185,1,0,19.4,49.3,29,115
3186,2,0,18.7,61.7,24,126.86
3187,3,0,19,65.3,31,152.38
3188,4,0,19.3,66.3,29,209.29
3189,5,0,19.2,74,38,179
3190,6,0,20,75.3,22,180
3191,7,0,20.3,74.7,25,140.5
3192,1,0,18.5,74,31,198.94
3193,2,0,19,75,27,277.41
3194,3,0,18.7,75.7,28,322.5
3195,4,0,18,67.3,28,218.77
3196,5,0,20,86,24,204.98
3197,6,0,19.9,75.3,28,196.35
3198,7,0,20.4,68.3,27,128
3199,1,0,19.1,52.8,23,169
3200,2,0,16.5,67.3,29,108.5
3201,3,0,15.7,68.3,33,134.27
3202,4,0,16.2,72.7,28,173.94
3203,5,0,16.7,84,26,179
3204,6,0,16.1,44.7,25,138.5
3205,7,0,15.9,60.3,33,114.5
3206,1,0,14.6,92.3,32,172.21
3207,2,0,11.2,94.3,36,151
3208,3,0,15.1,97,34,74.01
3209,4,0,16.5,92,39,115.07
3210,5,0,16.9,93.3,31,104.12
3211,6,0,18.5,87.3,38,112.29
3212,7,0,18.4,83.7,23,118.72
3213,1,0,18.6,86,26,142.44
3214,2,0,18.3,88.3,36,222
3215,3,0,16.5,92.3,26,147.5
3216,4,0,17.2,84.7,30,127
3217,5,0,14.5,63.3,36,133.41
3218,6,0,15.7,77.7,37,148.07
3219,7,0,15,76.7,36,136
3220,1,0,15.1,83.3,19,210.15
3221,2,0,13.9,89.7,24,272.24
3222,3,0,13.7,81.7,28,176.5
3223,4,0,13,87,28,208.43
3224,5,0,15,74.7,28,204
3225,6,0,14.4,82,34,173
3226,7,0,12,84.7,22,119.5
3227,1,0,9.8,62.7,29,91
3228,2,1,8.8,71,29,112.5
3229,3,0,10,74.7,29,183
3230,4,0,9.8,78.7,25,168
3231,5,0,6.8,62.7,22,116.16
3232,6,0,5.7,59.7,25,139.44
3233,7,0,4.1,77,25,134.5
3234,1,0,6,71.7,22,214.5
3235,2,0,7.7,73.3,31,245.5
3236,3,0,7,77.7,29,289
3237,4,0,7.8,80.7,30,269.5
3238,5,0,10.1,69.7,24,232
3239,6,0,8.6,80.3,34,300.69
3240,7,0,8.5,86.7,26,262
3241,1,0,7,94.3,24,280
3242,2,0,6.3,93.7,34,190.5
3243,3,0,5.9,93,40,239.5
3244,4,0,7.2,92,29,246
3245,5,0,7.4,88.3,29,185.5
3246,6,0,7.5,87.7,33,191
3247,7,0,5.5,87.3,30,130
3248,1,0,5.2,56.7,33,82
3249,2,0,4.1,42,32,121
3250,3,0,1.4,43,28,102.5
3251,4,0,1.4,47.7,26,173.5
3252,5,0,2.2,63,36,236.88
3253,6,0,3.5,68.3,35,223.95
3254,7,0,3.9,76.7,25,213.6
3255,1,0,3.8,80.7,33,228.5
3256,2,0,5.9,75.7,44,179.5
3257,3,0,4.2,88,43,245.5
3258,4,0,5.5,97.7,33,203.22
3259,5,0,6.1,0,35,116.92
3260,6,0,7.5,94,36,164.34
3261,7,0,6.7,89,36,129.85
3262,1,0,5.2,90.7,26,139.5
3263,2,0,9.3,34.7,35,94.5
3264,3,0,7,39,28,101.5
3265,4,1,5.7,37.7,24,104
3266,5,0,4.9,56.7,31,150.31
3267,6,0,4.5,63.3,30,178.14
3268,7,0,5.5,71.3,35,208.56
3269,1,0,4.3,76.7,38,275
3270,2,0,5.6,70.3,35,298.5
3271,3,0,7,62.7,33,189.5
3272,4,0,4.4,80.7,30,188
3273,5,0,2.3,65,32,105
3274,6,0,0.8,75.3,48,136
3275,7,0,1.8,80.3,30,186.5
3276,1,0,5.1,57,31,137.5
3277,2,0,7.6,45.3,40,148
3278,3,0,5,65.3,48,164
3279,4,0,3.3,85.3,40,281.5
3280,5,0,5.1,85.3,30,272.99
3281,6,0,6.5,85,26,218
3282,7,1,2.1,93.7,38,205.73
3283,1,1,2,96,26,213
3284,2,0,2.4,98.3,25,149
3285,3,0,0.8,0,42,113.47
3286,4,0,0.2,96.7,29,156.55
3287,5,0,0.1,95,33,161.11
3288,6,0,2.8,80.3,41,149.25
3289,7,1,4.9,69.3,39,244.71
3290,1,0,3.4,78,37,239.03
3291,2,0,3.1,76.3,37,233.86
3292,3,0,-1,95.3,33,196.35
3293,4,0,-1.7,96,24,217.34
3294,5,1,-1.3,89.7,32,208.33
3295,6,0,-1.4,92.7,43,204.57
3296,7,0,-0.9,96.7,25,178.83
3297,1,0,0.5,96.7,41,158.04
3298,2,0,3.3,88.3,43,181.76
3299,3,0,3.6,86,32,195.44
3300,4,0,5.4,88.7,38,178.11
3301,5,0,5.6,81,40,247
3302,6,0,2.8,96,28,186.97
3303,7,0,2,0,45,94.5
3304,1,0,0.5,95,32,157
3305,2,0,0.2,92,39,173.5
3306,3,0,1.2,94.3,35,188.7
3307,4,0,0.9,94.1,46,155.93
3308,5,0,1.6,93.4,36,179.21
3309,6,0,2.7,92.6,48,172.32
3310,7,0,2.7,90.3,35,135.24
3311,1,0,3.5,81.7,31,180.94
3312,2,0,0.8,88,25,152.5
3313,3,0,1.8,82.7,29,196
3314,4,0,1.8,84.3,40,243
3315,5,0,0.8,84.7,42,219.5
3316,6,0,2.8,69.7,32,205
3317,7,0,4,65.3,23,210
3318,1,0,7.8,47.7,25,249
3319,2,0,7.5,44.7,35,219.5
3320,3,0,8.7,44.6,44,330
3321,4,0,7.6,49,31,256.5
3322,5,0,5.4,78.3,31,272
3323,6,0,3.7,97.3,36,170
3324,7,0,2.4,96.7,26,139
3325,1,0,1.2,96,33,138.5
3326,2,0,1.7,90.7,25,160.5
3327,3,0,6.1,77.1,33,214.5
3328,4,0,7.9,65.3,33,238.5
3329,5,0,7.3,70.3,40,166.5
3330,6,0,7,71.7,35,233
3331,7,0,6.7,72.3,27,222
3332,1,0,9.6,51.3,37,239
3333,2,0,6.8,61.7,29,162
3334,3,0,9.3,35.3,35,109
3335,4,0,8.7,41.3,28,148.5
3336,5,0,8.1,47.9,28,119
3337,6,0,9.8,53.5,24,194.74
3338,7,0,10.1,59.7,34,213.71
3339,1,0,10.2,71,24,251.65
3340,2,0,8.9,88.3,34,296
3341,3,0,7.5,99.3,34,238.5
3342,4,0,7.9,99.7,48,145
3343,5,0,8.9,99.3,30,85
3344,6,0,8.4,87.7,32,70.57
3345,7,0,9.1,61.3,25,52
3346,1,0,8.3,45.7,38,124.89
3347,2,0,8.6,47,35,121.5
3348,3,0,8.5,49.3,35,130.5
3349,4,0,9.8,44.7,36,111
3350,5,0,7.6,81.3,29,100.5
3351,6,0,12.6,41.3,27,81.05
3352,7,0,12,41,31,90
3353,1,0,11.4,48,23,140.5
3354,2,0,11.7,53,25,179.5
3355,3,0,11.4,65.7,27,139.5
3356,4,0,10.4,64.3,30,173.5
3357,5,0,11.5,48.3,34,177.5
3358,6,0,13.2,43.7,26,162
3359,7,0,14.4,48.7,28,208.5
3360,1,0,13.3,64,23,100.5
3361,2,0,10.8,70.7,27,89
3362,3,0,10.6,64.3,34,93.5
3363,4,0,10.1,83.3,34,115
3364,5,0,9.6,93,34,145.94
3365,6,0,10.3,92.3,26,131.28
3366,7,0,10.4,85,23,70.5
3367,1,0,10.7,77.7,27,85.58
3368,2,0,11.9,81.3,29,71.5
3369,3,0,12.4,66.7,34,89.89
3370,4,0,13.4,57,29,112.07
3371,5,0,10.3,55,29,67
3372,6,0,13.7,48,22,94.5
3373,7,1,16.7,46,23,92
3374,1,1,17.3,39.3,26,72.5
3375,2,0,17.7,41.3,28,116
3376,3,0,18.4,38.3,33,104.5
3377,4,0,18.1,37.3,32,91.5
3378,5,0,16.8,53,31,172
3379,6,0,13.7,73.7,39,156.91
3380,7,0,14.8,55.7,38,60.5
3381,1,0,12.7,73,26,74.5
3382,2,0,10.7,98,33,69.19
3383,3,0,11.8,63,25,71.79
3384,4,0,10.5,69.7,31,87
3385,5,0,12.1,53.3,21,91.99
3386,6,0,11.1,82,26,92.68
3387,7,0,13.5,66,25,69.19
3388,1,0,15.3,66.3,30,96
3389,2,0,15.9,54.3,29,107.5
3390,3,0,12.3,92,31,81.05
3391,4,0,11.2,88,29,72.83
3392,5,0,12.4,64.7,18,67.36
3393,6,0,15.9,38.7,16,70
3394,7,0,12.8,62,29,80
3395,1,0,9.8,80,24,54.5
3396,2,0,12.9,58,17,77
3397,3,0,11.2,78.7,29,57
3398,4,0,13.3,65.7,26,68
3399,5,0,10.3,80.3,17,70
3400,6,0,9.2,75.3,28,48
3401,7,0,12.3,51.3,26,61.5
3402,1,0,14.9,40.7,23,61
3403,2,1,11,75.3,27,44
3404,3,0,9,85.3,21,69.5
3405,4,0,9.3,82,28,42.47
3406,5,0,10.6,60.3,24,66.5
3407,6,0,13.5,47.3,30,78.31
3408,7,0,15,36,22,73.75
3409,1,1,16.2,31.7,29,69.5
3410,2,0,18,43.7,22,112
3411,3,0,18.6,36.7,33,99
3412,4,0,19.7,37.2,34,103
3413,5,0,19.8,39.3,33,99.84
3414,6,0,21,39,28,95.39
3415,7,0,17.6,36.3,31,98.5
3416,1,0,17.4,31.7,25,92
3417,2,0,18.6,33.3,32,91
3418,3,0,17.7,47.3,30,84.5
3419,4,0,17.8,49.7,27,107.5
3420,5,0,17.8,52.7,24,112.5
3421,6,0,18.9,52,24,109
3422,7,0,18.5,43.7,23,50
3423,1,0,14.9,54,15,70
3424,2,0,17.4,40,29,82
3425,3,0,18.7,44,32,108.5
3426,4,0,19.3,52,27,113.5
3427,5,0,20.2,45.7,37,105
3428,6,0,21.5,40.3,33,97.5
3429,7,0,21.7,39.3,26,74
3430,1,0,22.8,33.7,22,102.5
3431,2,0,19.2,39,25,102.5
3432,3,0,19.4,31.3,28,96
3433,4,0,20.4,27,20,96.5
3434,5,0,21.2,33,32,89
3435,6,0,21.1,33.7,24,79
3436,7,0,21.7,33.7,32,75
3437,1,0,21.3,33.7,35,109
3438,2,0,21.2,36.7,29,96
3439,3,0,19.3,50.3,25,123
3440,4,0,16.8,71,31,69.5
3441,5,0,19.1,51.7,35,81.5
3442,6,0,16.3,54.3,26,58.5
3443,7,0,16.8,39.7,28,34.5
3444,1,0,15.3,62.3,25,53.41
3445,2,0,16.9,40.3,25,68.5
3446,3,0,17.9,45.7,29,68.5
3447,4,0,18.7,34.3,34,95
3448,5,0,18.6,38.7,25,121
3449,6,0,21,34,30,107
3450,7,0,22.7,33.3,24,84.5
3451,1,0,21.7,34,26,117.5
3452,2,0,22.6,30.7,27,75
3453,3,0,22.9,34,35,91.4
3454,4,0,23.4,31.3,32,86
3455,5,0,23.2,39.3,28,110.5
3456,6,0,20.7,28.7,26,88.81
3457,7,0,23.1,30,23,86.5
3458,1,0,21.1,41,22,78
3459,2,0,24.9,33.3,32,83.5
3460,3,0,25.2,31.7,27,105.5
3461,4,0,22.8,49,35,77.5
3462,5,0,20.6,40,19,58.63
3463,6,0,22.3,32,30,49
3464,7,0,24.2,30,27,49.5
3465,1,0,25.2,30.7,29,88
3466,2,0,24.3,37.7,45,67
3467,3,0,24.6,37,24,83.5
3468,4,0,20.4,46.3,33,74.5
3469,5,0,20.9,54.7,22,67
3470,6,0,23.7,38,16,96
3471,7,0,21.1,48.3,22,50
3472,1,0,18.1,64.7,27,85
3473,2,0,17.1,72,16,66.4
3474,3,0,22.8,44,23,82.5
3475,4,0,25.8,36.7,22,112
3476,5,0,25.6,49,26,116.5
3477,6,0,25.4,42.7,30,112.1
3478,7,0,25.4,34.5,11,92.5
3479,1,0,21.5,55,25,84
3480,2,0,21.2,58,30,84
3481,3,0,22.6,42,18,108
3482,4,0,25.4,39,22,112.5
3483,5,0,23.7,43,24,88.99
3484,6,0,22.2,39,18,59.8
3485,7,0,23.9,38.7,18,73.5
3486,1,0,25,36.3,18,107
3487,2,0,23.1,45.7,23,48.5
3488,3,0,24,55.3,31,102.5
3489,4,0,24,52,22,101.5
3490,5,0,25,56.7,21,122.5
3491,6,0,25.2,69,27,120.73
3492,7,0,26.6,69.3,37,118
3493,1,0,27.1,65.3,24,114.5
3494,2,0,24.6,68.3,34,105
3495,3,0,26.6,61.7,22,108
3496,4,0,26.4,57,27,82.5
3497,5,0,24.2,61.3,31,78
3498,6,0,25.3,59,21,74.5
3499,7,0,25.4,62,11,78.47
3500,1,0,24.6,69.7,26,77
3501,2,0,22.2,39,21,82.87
3502,3,0,22.2,30.7,23,70.34
3503,4,0,21.7,32.5,13,66.6
3504,5,0,23.1,48,20,79.48
3505,6,0,23.4,62,28,91.48
3506,7,0,22.8,78,26,90.77
3507,1,0,24.3,68.3,32,99.46
3508,2,0,24.5,73,20,103.12
3509,3,0,24.4,53.3,17,105.31
3510,4,0,22,77.7,21,99.82
3511,5,0,21.4,80.3,21,92.96
3512,6,0,24.2,67.7,22,101.89
3513,7,0,25,73.3,20,105.64
3514,1,0,23.1,79.6,10,99.9
3515,2,1,25.2,72,28,105.71
3516,3,0,27,68.3,20,110.6
3517,4,0,24.5,77.3,20,93.55
3518,5,0,24.9,70.3,27,104.52
3519,6,0,25.1,68.7,19,111.22
3520,7,0,25.8,67.7,23,66.5
3521,1,0,26.5,69,20,82.5
3522,2,0,26.3,72.7,19,114
3523,3,0,26,61,26,74.5
3524,4,0,26.8,60,23,93
3525,5,0,26.3,68.3,27,120
3526,6,0,25.4,69.7,30,68.5
3527,7,0,20.6,91.7,14,64.61
3528,1,0,19.7,64,38,53.41
3529,2,0,21.5,27,24,48.65
3530,3,0,20.1,34.3,22,72.5
3531,4,0,19.7,59.7,26,90
3532,5,0,19.8,70,26,90.5
3533,6,0,16.9,93,29,64.5
3534,7,0,16.2,88,27,62
3535,1,0,14.7,87.3,22,84.62
3536,2,0,17.4,70,13,94
3537,3,0,19.3,61.3,21,74
3538,4,0,18.7,68.7,18,89
3539,5,0,18.8,61.3,33,81.5
3540,6,0,15.2,89,20,64.5
3541,7,0,19.1,71.3,29,78
3542,1,0,17.4,90.7,24,95
3543,2,0,19.2,71.3,39,86
3544,3,0,18,88.3,16,97
3545,4,0,19.5,73.7,25,104.5
3546,5,0,20,78,21,112
3547,6,0,21,76,22,119.5
3548,7,0,22,73.7,24,113.5
3549,1,0,22,75,29,148.5
3550,2,0,21.9,78.3,31,152.5
3551,3,0,22.4,75,26,195
3552,4,0,22.7,69.3,26,191.5
3553,5,0,22.6,68.7,28,159
3554,6,0,21.8,71.7,23,175.5
3555,7,0,20.8,79.7,26,136.5
3556,1,0,20.6,74,29,135.5
3557,2,0,16.6,76.3,27,87.92
3558,3,0,18.4,71,28,110
3559,4,0,16.1,65,27,81.5
3560,5,0,16.5,61,32,103
3561,6,0,16.7,71.7,30,83
3562,7,0,16.4,69.7,19,77
3563,1,0,17.3,67.3,25,133.5
3564,2,0,16.9,71.3,19,162.5
3565,3,0,14.9,61,28,73.67
3566,4,0,14.7,62.7,25,121.11
3567,5,0,15.2,67.7,24,158.52
3568,6,0,15.9,78.7,26,169.47
3569,7,0,11.7,84.3,38,71.5
3570,1,0,14,55.7,37,69
3571,2,0,13.5,52.3,32,81.88
3572,3,0,13.7,54,26,106
3573,4,0,13.8,69.3,29,142.24
3574,5,0,14,76,33,145
3575,6,0,13.1,81.7,30,176
3576,7,0,13.3,86.3,27,164
3577,1,0,12.7,78.3,29,155.5
3578,2,0,11.8,84,28,186
3579,3,0,12.4,81,34,226.5
3580,4,0,13.7,78.3,31,178.5
3581,5,0,15,79.3,27,228.5
3582,6,0,14.2,85,32,246.5
3583,7,0,12.4,87,20,178.5
3584,1,0,12.6,88,25,150.5
3585,2,0,11.4,91.3,29,168.5
3586,3,0,10.8,94.3,21,137
3587,4,0,12.5,81,39,141
3588,5,0,11.6,92.3,29,197.5
3589,6,0,10.8,89.3,32,136.5
3590,7,0,9.4,94.7,29,77
3591,1,0,10.8,91.7,34,88
3592,2,0,10.3,94.3,20,128.45
3593,3,1,10.9,93.7,29,87
3594,4,0,12.1,93,30,99
3595,5,0,12.2,94.3,31,116.5
3596,6,0,12,79,25,46.53
3597,7,0,10.1,87.7,32,31
3598,1,0,7.7,86,31,36.5
3599,2,0,9.1,75.7,35,70.5
3600,3,0,8.9,73.7,27,138.5
3601,4,0,9.8,80.3,31,120.5
3602,5,0,9,83.7,34,160
3603,6,0,7,91.7,30,168.97
3604,7,0,5.2,94.3,32,140
3605,1,0,4.6,93,37,106.51
3606,2,0,4.9,87.7,21,125.67
3607,3,0,7.9,67,35,136
3608,4,0,8.3,75.3,34,132
3609,5,0,7.4,75.3,25,73.5
3610,6,0,4.8,62,27,70
3611,7,0,5.4,92.3,25,70
3612,1,0,7.1,90.3,28,114.65
3613,2,0,8.3,90,33,104.3
3614,3,0,7.6,93.7,34,110.34
3615,4,0,6.6,83,36,63.5
3616,5,0,5.4,58,25,62.5
3617,6,0,4.1,71.3,24,108.61
3618,7,0,3.3,74.7,37,65.5
3619,1,0,0.9,91.7,21,127.58
3620,2,0,0.5,93.7,34,112.93
3621,3,0,0.8,93.7,37,155.18
3622,4,0,-1.5,96,37,104.3
3623,5,0,-0.8,93.7,30,134.38
3624,6,0,0.3,79.7,31,213.5
3625,7,0,3.1,72.3,29,153
3626,1,0,2.3,81.3,31,192.5
3627,2,0,2.7,74,40,198.18
3628,3,0,2.6,78.7,44,230.09
3629,4,0,1.3,86.7,31,205.08
3630,5,1,1.6,90.7,22,169
3631,6,0,1.1,82.7,34,162
3632,7,0,0.1,81.7,38,112
3633,1,0,-0.1,93,45,152
3634,2,0,-0.3,94,31,168
3635,3,0,1.1,90.3,33,151
3636,4,0,3.1,89.7,36,142.04
3637,5,0,4.4,96,30,118.06
3638,6,0,6.7,92,31,156.79
3639,7,0,9.7,93.7,33,93.85
3640,1,0,8.7,94,39,82.64
3641,2,0,11,92.7,34,72.29
3642,3,0,8.6,88,32,133.51
3643,4,0,8.7,93,32,85.22
3644,5,0,8,98.3,40,85.22
3645,6,0,8.1,92,38,93.85
3646,7,0,7,76.7,44,83.5
3647,1,1,3.9,93,38,64.53
3648,2,1,3.7,91.3,37,77.47
3649,3,0,4,83.3,37,93.85
3650,4,0,1.2,89,32,100.75
3651,5,0,-1,95,42,72.29
3652,6,0,-2,95,31,83.5
